"","X","gvkey","viol","datadate","gvkey.1","datadate.1","datacqtr","datafqtr","Index"
"2",13,1021,1,"30.09.2006",1021,"30.09.2006","2006Q3","2007Q1",2
"4",26,1034,1,"30.06.2005",1034,"30.06.2005","2005Q2","2005Q2",4
"8",48,1045,1,"31.03.2006",1045,"31.03.2006","2006Q1","2006Q1",8
"9",61,1050,1,"30.06.2004",1050,"30.06.2004","2004Q2","2004Q2",9
"17",123,1104,1,"31.03.2006",1104,"31.03.2006","2006Q1","2006Q1",17
"20",146,1109,1,"31.12.2006",1109,"31.12.2006","2006Q4","2006Q4",20
"22",167,1117,1,"31.03.2007",1117,"31.03.2007","2007Q1","2007Q1",22
"28",189,1173,1,"31.07.2007",1173,"31.07.2007","2007Q2","2007Q2",28
"32",222,1239,1,"30.09.2006",1239,"30.09.2006","2006Q3","2006Q4",32
"39",263,1266,1,"31.05.2007",1266,"31.05.2007","2007Q2","2007Q3",39
"49",319,1360,1,"30.09.2006",1360,"30.09.2006","2006Q3","2006Q2",49
"60",372,1496,1,"31.12.2005",1496,"31.12.2005","2005Q4","2005Q4",60
"63",387,1523,1,"31.03.2006",1523,"31.03.2006","2006Q1","2006Q1",63
"79",433,1651,1,"30.09.2007",1651,"30.09.2007","2007Q3","2007Q4",79
"80",448,1655,1,"31.07.2006",1655,"31.07.2006","2006Q2","2006Q2",80
"81",458,1677,1,"30.06.2004",1677,"30.06.2004","2004Q2","2004Q2",81
"93",502,1783,1,"28.02.2006",1783,"28.02.2006","2006Q1","2006Q1",93
"94",515,1823,1,"31.12.2004",1823,"31.12.2004","2004Q4","2004Q4",94
"103",551,1878,1,"31.07.2006",1878,"31.07.2006","2006Q2","2006Q2",103
"112",567,1902,1,"30.09.2005",1902,"30.09.2005","2005Q3","2005Q3",112
"120",595,1906,1,"31.12.2007",1906,"31.12.2007","2007Q4","2007Q4",120
"132",615,1974,1,"30.06.2005",1974,"30.06.2005","2005Q2","2005Q2",132
"136",632,2033,1,"31.12.2004",2033,"31.12.2004","2004Q4","2005Q1",136
"142",673,2080,1,"30.11.2006",2080,"30.11.2006","2006Q4","2006Q4",142
"143",688,2085,1,"30.09.2005",2085,"30.09.2005","2005Q3","2005Q3",143
"151",715,2163,1,"31.03.2004",2163,"31.03.2004","2004Q1","2003Q4",151
"155",735,2193,1,"30.06.2004",2193,"30.06.2004","2004Q2","2004Q2",155
"159",748,2204,1,"31.12.2004",2204,"31.12.2004","2004Q4","2004Q4",159
"161",770,2251,1,"31.12.2005",2251,"31.12.2005","2005Q4","2005Q4",161
"162",777,2251,1,"30.09.2007",2251,"30.09.2007","2007Q3","2007Q3",162
"164",790,2259,1,"31.12.2005",2259,"31.12.2005","2005Q4","2005Q4",164
"182",834,2269,1,"31.01.2007",2269,"31.01.2007","2006Q4","2006Q3",182
"186",851,2270,1,"30.06.2006",2270,"30.06.2006","2006Q2","2006Q2",186
"188",869,2299,1,"30.11.2005",2299,"30.11.2005","2005Q4","2005Q4",188
"195",888,2340,1,"30.09.2005",2340,"30.09.2005","2005Q3","2005Q3",195
"198",909,2346,1,"31.12.2005",2346,"31.12.2005","2005Q4","2005Q4",198
"199",928,2403,1,"30.09.2005",2403,"30.09.2005","2005Q3","2005Q3",199
"208",965,2504,1,"31.12.2004",2504,"31.12.2004","2004Q4","2004Q4",208
"211",984,2521,1,"31.12.2004",2521,"31.12.2004","2004Q4","2004Q4",211
"218",1006,2561,1,"30.09.2005",2561,"30.09.2005","2005Q3","2005Q2",218
"223",1038,2589,1,"30.09.2004",2589,"30.09.2004","2004Q3","2004Q3",223
"224",1065,2602,1,"30.06.2006",2602,"30.06.2006","2006Q2","2006Q4",224
"225",1072,2606,1,"31.03.2004",2606,"31.03.2004","2004Q1","2003Q4",225
"227",1105,2615,1,"31.05.2007",2615,"31.05.2007","2007Q2","2007Q1",227
"231",1132,2817,1,"31.12.2004",2817,"31.12.2004","2004Q4","2004Q4",231
"232",1162,2845,1,"30.06.2007",2845,"30.06.2007","2007Q2","2007Q1",232
"233",1173,2870,1,"30.06.2005",2870,"30.06.2005","2005Q2","2005Q2",233
"234",1195,2903,1,"31.03.2006",2903,"31.03.2006","2006Q1","2005Q4",234
"237",1214,2918,1,"30.06.2006",2918,"30.06.2006","2006Q2","2006Q2",237
"242",1228,2942,1,"30.04.2005",2942,"30.04.2005","2005Q1","2005Q3",242
"243",1233,2942,1,"31.07.2006",2942,"31.07.2006","2006Q2","2006Q4",243
"244",1249,3026,1,"31.12.2005",3026,"31.12.2005","2005Q4","2005Q4",244
"246",1267,3031,1,"30.06.2005",3031,"30.06.2005","2005Q2","2005Q2",246
"250",1305,3041,1,"31.12.2004",3041,"31.12.2004","2004Q4","2004Q4",250
"254",1333,3107,1,"31.12.2006",3107,"31.12.2006","2006Q4","2006Q4",254
"256",1349,3116,1,"31.12.2005",3116,"31.12.2005","2005Q4","2005Q3",256
"261",1369,3126,1,"31.12.2005",3126,"31.12.2005","2005Q4","2005Q4",261
"264",1391,3157,1,"30.06.2006",3157,"30.06.2006","2006Q2","2006Q3",264
"265",1404,3178,1,"31.10.2004",3178,"31.10.2004","2004Q3","2004Q4",265
"267",1421,3184,1,"30.06.2006",3184,"30.06.2006","2006Q2","2006Q2",267
"268",1426,3184,1,"30.09.2007",3184,"30.09.2007","2007Q3","2007Q3",268
"269",1435,3229,1,"31.12.2004",3229,"31.12.2004","2004Q4","2004Q4",269
"275",1466,3310,1,"31.03.2006",3310,"31.03.2006","2006Q1","2005Q4",275
"276",1488,3336,1,"31.12.2006",3336,"31.12.2006","2006Q4","2006Q3",276
"282",1515,3369,1,"31.12.2004",3369,"31.12.2004","2004Q4","2005Q2",282
"292",1532,3416,1,"30.09.2004",3416,"30.09.2004","2004Q3","2004Q3",292
"296",1561,3465,1,"31.12.2006",3465,"31.12.2006","2006Q4","2006Q4",296
"300",1572,3580,1,"30.09.2004",3580,"30.09.2004","2004Q3","2004Q3",300
"302",1602,3584,1,"30.06.2007",3584,"30.06.2007","2007Q2","2007Q2",302
"304",1612,3600,1,"31.12.2004",3600,"31.12.2004","2004Q4","2004Q4",304
"309",1650,3734,1,"31.12.2004",3734,"31.12.2004","2004Q4","2004Q4",309
"312",1670,3793,1,"31.12.2004",3793,"31.12.2004","2004Q4","2004Q4",312
"313",1695,3833,1,"31.12.2007",3833,"31.12.2007","2007Q4","2007Q4",313
"329",1726,3851,1,"31.03.2006",3851,"31.03.2006","2006Q1","2006Q1",329
"337",1764,3897,1,"30.09.2005",3897,"30.09.2005","2005Q3","2005Q3",337
"338",1779,3937,1,"31.03.2005",3937,"31.03.2005","2005Q1","2004Q4",338
"339",1797,3949,1,"31.07.2004",3949,"31.07.2004","2004Q2","2004Q4",339
"346",1843,3969,1,"31.03.2007",3969,"31.03.2007","2007Q1","2007Q1",346
"353",1860,3980,1,"30.06.2006",3980,"30.06.2006","2006Q2","2006Q3",353
"361",1902,4036,1,"31.01.2007",4036,"31.01.2007","2006Q4","2007Q2",361
"362",1909,4078,1,"30.06.2004",4078,"30.06.2004","2004Q2","2004Q2",362
"365",1919,4108,1,"31.03.2004",4108,"31.03.2004","2004Q1","2004Q1",365
"372",1946,4127,1,"31.12.2005",4127,"31.12.2005","2005Q4","2005Q4",372
"378",1968,4128,1,"30.06.2006",4128,"30.06.2006","2006Q2","2006Q2",378
"384",1982,4168,1,"30.11.2004",4168,"30.11.2004","2004Q4","2004Q4",384
"385",1987,4186,1,"31.03.2004",4186,"31.03.2004","2004Q1","2004Q1",385
"388",2031,4279,1,"31.03.2005",4279,"31.03.2005","2005Q1","2005Q1",388
"393",2059,4322,1,"31.03.2007",4322,"31.03.2007","2007Q1","2006Q4",393
"396",2070,4331,1,"31.12.2004",4331,"31.12.2004","2004Q4","2004Q4",396
"418",2116,4467,1,"30.06.2006",4467,"30.06.2006","2006Q2","2006Q2",418
"430",2178,4515,1,"31.12.2006",4515,"31.12.2006","2006Q4","2007Q2",430
"437",2196,4568,1,"31.03.2006",4568,"31.03.2006","2006Q1","2006Q1",437
"438",2210,4595,1,"31.12.2004",4595,"31.12.2004","2004Q4","2004Q4",438
"444",2228,4608,1,"31.12.2004",4608,"31.12.2004","2004Q4","2004Q4",444
"446",2246,4622,1,"31.12.2004",4622,"31.12.2004","2004Q4","2004Q4",446
"447",2254,4622,1,"31.12.2006",4622,"31.12.2006","2006Q4","2006Q4",447
"449",2263,4735,1,"31.03.2004",4735,"31.03.2004","2004Q1","2004Q3",449
"450",2268,4768,1,"30.04.2004",4768,"30.04.2004","2004Q1","2003Q4",450
"457",2317,4911,1,"31.08.2005",4911,"31.08.2005","2005Q3","2005Q1",457
"458",2333,5018,1,"31.08.2004",5018,"31.08.2004","2004Q3","2004Q3",458
"462",2355,5032,1,"31.03.2005",5032,"31.03.2005","2005Q1","2005Q1",462
"469",2379,5074,1,"30.09.2004",5074,"30.09.2004","2004Q3","2004Q3",469
"471",2414,5142,1,"30.04.2004",5142,"30.04.2004","2004Q1","2003Q4",471
"473",2427,5142,1,"31.07.2007",5142,"31.07.2007","2007Q2","2007Q1",473
"474",2436,5284,1,"31.12.2004",5284,"31.12.2004","2004Q4","2004Q4",474
"476",2460,5301,1,"30.11.2005",5301,"30.11.2005","2005Q4","2005Q3",476
"478",2467,5301,1,"31.08.2007",5301,"31.08.2007","2007Q3","2007Q2",478
"479",2476,5327,1,"31.12.2004",5327,"31.12.2004","2004Q4","2004Q4",479
"491",2504,5336,1,"31.12.2006",5336,"31.12.2006","2006Q4","2006Q4",491
"503",2540,5421,1,"31.03.2006",5421,"31.03.2006","2006Q1","2006Q1",503
"506",2550,5432,1,"31.12.2004",5432,"31.12.2004","2004Q4","2004Q3",506
"514",2577,5439,1,"30.09.2006",5439,"30.09.2006","2006Q3","2006Q3",514
"516",2598,5458,1,"31.10.2006",5458,"31.10.2006","2006Q3","2006Q2",516
"520",2612,5513,1,"31.07.2005",5513,"31.07.2005","2005Q2","2005Q3",520
"530",2632,5600,1,"31.12.2007",5600,"31.12.2007","2007Q4","2007Q4",530
"532",2664,5621,1,"31.12.2005",5621,"31.12.2005","2005Q4","2006Q1",532
"534",2671,5621,1,"30.09.2007",5621,"30.09.2007","2007Q3","2007Q4",534
"535",2682,5671,1,"30.09.2005",5671,"30.09.2005","2005Q3","2005Q3",535
"537",2703,5697,1,"31.12.2005",5697,"31.12.2005","2005Q4","2005Q4",537
"549",2766,5750,1,"31.10.2007",5750,"31.10.2007","2007Q3","2007Q4",549
"556",2786,5826,1,"30.09.2005",5826,"30.09.2005","2005Q3","2005Q4",556
"564",2800,5831,1,"30.06.2004",5831,"30.06.2004","2004Q2","2004Q3",564
"565",2807,5831,1,"31.03.2006",5831,"31.03.2006","2006Q1","2006Q2",565
"568",2821,5973,1,"31.12.2004",5973,"31.12.2004","2004Q4","2005Q1",568
"575",2889,6025,1,"30.06.2007",6025,"30.06.2007","2007Q2","2007Q2",575
"579",2917,6044,1,"30.06.2004",6044,"30.06.2004","2004Q2","2004Q2",579
"585",2934,6110,1,"31.03.2006",6110,"31.03.2006","2006Q1","2006Q1",585
"586",2958,6115,1,"31.03.2007",6115,"31.03.2007","2007Q1","2007Q1",586
"587",2971,6124,1,"30.06.2005",6124,"30.06.2005","2005Q2","2005Q4",587
"597",3011,6158,1,"30.09.2006",6158,"30.09.2006","2006Q3","2006Q3",597
"599",3030,6185,1,"30.06.2006",6185,"30.06.2006","2006Q2","2006Q3",599
"613",3065,6242,1,"31.12.2005",6242,"31.12.2005","2005Q4","2005Q4",613
"617",3085,6335,1,"31.12.2005",6335,"31.12.2005","2005Q4","2005Q4",617
"620",3101,6349,1,"31.12.2004",6349,"31.12.2004","2004Q4","2004Q4",620
"621",3110,6349,1,"30.06.2007",6349,"30.06.2007","2007Q2","2007Q2",621
"623",3120,6410,1,"31.01.2005",6410,"31.01.2005","2004Q4","2004Q3",623
"629",3162,6433,1,"31.03.2007",6433,"31.03.2007","2007Q1","2007Q3",629
"632",3180,6437,1,"31.03.2007",6437,"31.03.2007","2007Q1","2007Q1",632
"633",3191,6475,1,"31.12.2004",6475,"31.12.2004","2004Q4","2004Q4",633
"635",3212,6528,1,"31.12.2006",6528,"31.12.2006","2006Q4","2006Q4",635
"636",3231,6543,1,"30.04.2007",6543,"30.04.2007","2007Q1","2006Q4",636
"638",3241,6571,1,"31.12.2004",6571,"31.12.2004","2004Q4","2004Q4",638
"639",3269,6619,1,"31.05.2007",6619,"31.05.2007","2007Q2","2006Q4",639
"640",3284,6669,1,"31.05.2006",6669,"31.05.2006","2006Q2","2006Q2",640
"642",3290,6669,1,"30.11.2007",6669,"30.11.2007","2007Q4","2007Q4",642
"643",3304,6678,1,"30.06.2006",6678,"30.06.2006","2006Q2","2006Q2",643
"657",3370,6839,1,"30.09.2007",6839,"30.09.2007","2007Q3","2007Q3",657
"658",3379,6845,1,"31.12.2004",6845,"31.12.2004","2004Q4","2004Q4",658
"661",3399,6848,1,"31.12.2004",6848,"31.12.2004","2004Q4","2004Q4",661
"663",3406,6848,1,"30.09.2006",6848,"30.09.2006","2006Q3","2006Q3",663
"667",3416,6873,1,"31.03.2004",6873,"31.03.2004","2004Q1","2004Q1",667
"674",3443,6963,1,"31.12.2006",6963,"31.12.2006","2006Q4","2006Q4",674
"679",3477,6995,1,"30.06.2005",6995,"30.06.2005","2005Q2","2005Q2",679
"681",3507,7017,1,"31.12.2007",7017,"31.12.2007","2007Q4","2007Q4",681
"684",3520,7066,1,"31.03.2006",7066,"31.03.2006","2006Q1","2005Q4",684
"685",3535,7092,1,"30.06.2006",7092,"30.06.2006","2006Q2","2006Q4",685
"686",3544,7107,1,"29.02.2004",7107,"29.02.2004","2004Q1","2003Q4",686
"694",3570,7117,1,"30.09.2005",7117,"30.09.2005","2005Q3","2005Q3",694
"698",3598,7132,1,"31.10.2004",7132,"31.10.2004","2004Q3","2004Q4",698
"705",3625,7203,1,"30.09.2007",7203,"30.09.2007","2007Q3","2007Q3",705
"707",3640,7250,1,"30.06.2006",7250,"30.06.2006","2006Q2","2006Q1",707
"709",3659,7268,1,"31.03.2006",7268,"31.03.2006","2006Q1","2006Q1",709
"714",3680,7336,1,"30.06.2006",7336,"30.06.2006","2006Q2","2006Q2",714
"723",3709,7486,1,"31.12.2007",7486,"31.12.2007","2007Q4","2007Q3",723
"724",3718,7526,1,"31.03.2005",7526,"31.03.2005","2005Q1","2005Q1",724
"732",3758,7636,1,"30.06.2006",7636,"30.06.2006","2006Q2","2006Q2",732
"738",3777,7672,1,"30.09.2004",7672,"30.09.2004","2004Q3","2004Q3",738
"752",3846,7750,1,"30.06.2007",7750,"30.06.2007","2007Q2","2007Q2",752
"755",3865,7781,1,"31.01.2007",7781,"31.01.2007","2006Q4","2006Q4",755
"756",3886,7817,1,"31.12.2007",7817,"31.12.2007","2007Q4","2007Q4",756
"763",3959,7938,1,"30.09.2004",7938,"30.09.2004","2004Q3","2004Q3",763
"764",3981,7970,1,"31.03.2005",7970,"31.03.2005","2005Q1","2005Q1",764
"765",4011,8017,1,"31.08.2007",8017,"31.08.2007","2007Q3","2007Q2",765
"766",4016,8060,1,"31.03.2006",8060,"31.03.2006","2006Q1","2006Q1",766
"772",4035,8073,1,"31.12.2005",8073,"31.12.2005","2005Q4","2005Q4",772
"773",4051,8087,1,"31.12.2004",8087,"31.12.2004","2004Q4","2004Q3",773
"779",4073,8092,1,"30.06.2005",8092,"30.06.2005","2005Q2","2005Q1",779
"787",4107,8109,1,"31.12.2005",8109,"31.12.2005","2005Q4","2005Q4",787
"797",4141,8162,1,"31.12.2006",8162,"31.12.2006","2006Q4","2006Q4",797
"801",4151,8229,1,"30.06.2004",8229,"30.06.2004","2004Q2","2004Q2",801
"804",4161,8229,1,"31.12.2006",8229,"31.12.2006","2006Q4","2006Q4",804
"807",4180,8266,1,"31.10.2006",8266,"31.10.2006","2006Q3","2006Q2",807
"810",4219,8334,1,"30.06.2007",8334,"30.06.2007","2007Q2","2007Q2",810
"818",4248,8386,1,"31.03.2007",8386,"31.03.2007","2007Q1","2007Q1",818
"821",4260,8387,1,"31.03.2005",8387,"31.03.2005","2005Q1","2005Q1",821
"823",4283,8486,1,"31.12.2005",8486,"31.12.2005","2005Q4","2005Q4",823
"824",4301,8512,1,"30.06.2005",8512,"30.06.2005","2005Q2","2005Q2",824
"841",4334,8579,1,"28.02.2006",8579,"28.02.2006","2006Q1","2005Q4",841
"842",4358,8599,1,"31.03.2007",8599,"31.03.2007","2007Q1","2006Q4",842
"843",4372,8675,1,"30.09.2005",8675,"30.09.2005","2005Q3","2005Q3",843
"861",4425,8881,1,"30.06.2004",8881,"30.06.2004","2004Q2","2004Q4",861
"862",4446,8964,1,"31.03.2005",8964,"31.03.2005","2005Q1","2005Q1",862
"865",4457,9023,1,"31.03.2005",9023,"31.03.2005","2005Q1","2005Q3",865
"866",4477,9112,1,"31.12.2005",9112,"31.12.2005","2005Q4","2006Q1",866
"869",4488,9125,1,"31.05.2005",9125,"31.05.2005","2005Q2","2004Q4",869
"880",4512,9230,1,"31.03.2005",9230,"31.03.2005","2005Q1","2005Q1",880
"882",4519,9230,1,"31.12.2006",9230,"31.12.2006","2006Q4","2006Q4",882
"887",4529,9242,1,"30.06.2004",9242,"30.06.2004","2004Q2","2004Q2",887
"890",4551,9259,1,"30.11.2004",9259,"30.11.2004","2004Q4","2004Q4",890
"894",4566,9289,1,"31.03.2005",9289,"31.03.2005","2005Q1","2005Q1",894
"895",4585,9298,1,"30.06.2005",9298,"30.06.2005","2005Q2","2005Q2",895
"898",4597,9311,1,"31.10.2004",9311,"31.10.2004","2004Q3","2004Q4",898
"899",4613,9355,1,"31.12.2004",9355,"31.12.2004","2004Q4","2004Q4",899
"907",4634,9367,1,"31.03.2005",9367,"31.03.2005","2005Q1","2005Q2",907
"915",4659,9443,1,"31.03.2004",9443,"31.03.2004","2004Q1","2004Q1",915
"921",4685,9481,1,"31.03.2005",9481,"31.03.2005","2005Q1","2005Q1",921
"937",4744,9590,1,"31.03.2006",9590,"31.03.2006","2006Q1","2006Q1",937
"941",4765,9607,1,"30.06.2006",9607,"30.06.2006","2006Q2","2006Q2",941
"948",4780,9614,1,"31.03.2005",9614,"31.03.2005","2005Q1","2005Q1",948
"950",4797,9679,1,"30.06.2004",9679,"30.06.2004","2004Q2","2004Q1",950
"955",4820,9686,1,"30.06.2007",9686,"30.06.2007","2007Q2","2007Q2",955
"969",4855,9841,1,"30.09.2006",9841,"30.09.2006","2006Q3","2006Q3",969
"971",4864,9846,1,"31.03.2004",9846,"31.03.2004","2004Q1","2004Q1",971
"972",4877,9846,1,"30.06.2007",9846,"30.06.2007","2007Q2","2007Q2",972
"973",4884,9849,1,"31.03.2004",9849,"31.03.2004","2004Q1","2004Q1",973
"975",4906,9898,1,"30.09.2004",9898,"30.09.2004","2004Q3","2004Q3",975
"983",4939,9954,1,"31.03.2005",9954,"31.03.2005","2005Q1","2005Q1",983
"984",4948,9954,1,"30.06.2007",9954,"30.06.2007","2007Q2","2007Q2",984
"987",4957,9960,1,"30.09.2004",9960,"30.09.2004","2004Q3","2005Q1",987
"993",4975,9969,1,"31.03.2007",9969,"31.03.2007","2007Q1","2007Q1",993
"995",4985,10000,1,"30.09.2004",10000,"30.09.2004","2004Q3","2004Q3",995
"1000",5018,10002,1,"31.12.2007",10002,"31.12.2007","2007Q4","2007Q4",1000
"1007",5047,10159,1,"30.09.2006",10159,"30.09.2006","2006Q3","2006Q4",1007
"1017",5081,10232,1,"30.06.2005",10232,"30.06.2005","2005Q2","2005Q2",1017
"1019",5100,10235,1,"31.05.2006",10235,"31.05.2006","2006Q2","2006Q1",1019
"1021",5135,10244,1,"31.03.2005",10244,"31.03.2005","2005Q1","2004Q4",1021
"1022",5156,10266,1,"30.06.2005",10266,"30.06.2005","2005Q2","2005Q2",1022
"1023",5165,10277,1,"31.12.2004",10277,"31.12.2004","2004Q4","2004Q4",1023
"1025",5186,10297,1,"31.03.2005",10297,"31.03.2005","2005Q1","2005Q3",1025
"1027",5195,10297,1,"30.06.2007",10297,"30.06.2007","2007Q2","2007Q4",1027
"1028",5211,10310,1,"31.12.2006",10310,"31.12.2006","2006Q4","2006Q4",1028
"1034",5231,10331,1,"31.07.2004",10331,"31.07.2004","2004Q2","2004Q2",1034
"1041",5266,10349,1,"31.05.2004",10349,"31.05.2004","2004Q2","2003Q4",1041
"1042",5289,10353,1,"28.02.2005",10353,"28.02.2005","2005Q1","2004Q3",1042
"1043",5294,10353,1,"31.05.2006",10353,"31.05.2006","2006Q2","2005Q4",1043
"1045",5314,10380,1,"30.06.2006",10380,"30.06.2006","2006Q2","2006Q4",1045
"1046",5328,10386,1,"30.06.2005",10386,"30.06.2005","2005Q2","2005Q2",1046
"1050",5344,10411,1,"30.06.2004",10411,"30.06.2004","2004Q2","2004Q2",1050
"1051",5349,10411,1,"30.09.2005",10411,"30.09.2005","2005Q3","2005Q3",1051
"1054",5363,10439,1,"29.02.2004",10439,"29.02.2004","2004Q1","2003Q4",1054
"1061",5376,10439,1,"31.05.2007",10439,"31.05.2007","2007Q2","2007Q1",1061
"1062",5385,10532,1,"31.03.2005",10532,"31.03.2005","2005Q1","2004Q4",1062
"1067",5406,10565,1,"30.06.2005",10565,"30.06.2005","2005Q2","2005Q1",1067
"1070",5429,10567,1,"30.06.2006",10567,"30.06.2006","2006Q2","2006Q2",1070
"1075",5461,10615,1,"31.03.2007",10615,"31.03.2007","2007Q1","2007Q1",1075
"1088",5487,10658,1,"31.12.2005",10658,"31.12.2005","2005Q4","2005Q4",1088
"1093",5503,10676,1,"31.12.2004",10676,"31.12.2004","2004Q4","2004Q4",1093
"1095",5521,10685,1,"30.06.2004",10685,"30.06.2004","2004Q2","2004Q1",1095
"1108",5554,10692,1,"30.09.2007",10692,"30.09.2007","2007Q3","2007Q2",1108
"1109",5573,10726,1,"30.06.2007",10726,"30.06.2007","2007Q2","2007Q2",1109
"1114",5612,10793,1,"30.06.2006",10793,"30.06.2006","2006Q2","2006Q3",1114
"1115",5625,10795,1,"31.12.2004",10795,"31.12.2004","2004Q4","2004Q4",1115
"1117",5643,10839,1,"30.06.2004",10839,"30.06.2004","2004Q2","2004Q4",1117
"1118",5650,10839,1,"31.03.2006",10839,"31.03.2006","2006Q1","2006Q3",1118
"1119",5675,10860,1,"31.12.2007",10860,"31.12.2007","2007Q4","2007Q4",1119
"1121",5689,10884,1,"30.06.2006",10884,"30.06.2006","2006Q2","2006Q2",1121
"1131",5750,11017,1,"31.12.2005",11017,"31.12.2005","2005Q4","2005Q3",1131
"1134",5763,11056,1,"30.06.2004",11056,"30.06.2004","2004Q2","2004Q2",1134
"1135",5785,11147,1,"31.12.2004",11147,"31.12.2004","2004Q4","2004Q4",1135
"1141",5806,11169,1,"30.11.2005",11169,"30.11.2005","2005Q4","2005Q3",1141
"1149",5846,11213,1,"31.01.2006",11213,"31.01.2006","2005Q4","2006Q1",1149
"1150",5853,11213,1,"31.10.2007",11213,"31.10.2007","2007Q3","2007Q4",1150
"1151",5860,11286,1,"30.09.2004",11286,"30.09.2004","2004Q3","2004Q3",1151
"1152",5865,11286,1,"31.12.2005",11286,"31.12.2005","2005Q4","2005Q4",1152
"1160",5882,11291,1,"31.03.2005",11291,"31.03.2005","2005Q1","2005Q1",1160
"1162",5905,11310,1,"31.12.2005",11310,"31.12.2005","2005Q4","2006Q2",1162
"1169",5939,11361,1,"30.09.2005",11361,"30.09.2005","2005Q3","2005Q3",1169
"1172",5965,11440,1,"30.06.2005",11440,"30.06.2005","2005Q2","2005Q2",1172
"1173",5986,11450,1,"30.09.2005",11450,"30.09.2005","2005Q3","2005Q3",1173
"1174",5995,11450,1,"31.12.2007",11450,"31.12.2007","2007Q4","2007Q4",1174
"1175",6003,11462,1,"31.12.2004",11462,"31.12.2004","2004Q4","2004Q4",1175
"1177",6012,11462,1,"31.03.2007",11462,"31.03.2007","2007Q1","2007Q1",1177
"1186",6050,11511,1,"31.10.2006",11511,"31.10.2006","2006Q3","2006Q3",1186
"1194",6069,11535,1,"31.12.2004",11535,"31.12.2004","2004Q4","2005Q2",1194
"1197",6083,11644,1,"31.03.2005",11644,"31.03.2005","2005Q1","2005Q1",1197
"1201",6107,11667,1,"30.06.2006",11667,"30.06.2006","2006Q2","2006Q1",1201
"1202",6123,11670,1,"31.12.2005",11670,"31.12.2005","2005Q4","2005Q4",1202
"1205",6148,11721,1,"31.03.2007",11721,"31.03.2007","2007Q1","2007Q2",1205
"1206",6157,11748,1,"31.08.2004",11748,"31.08.2004","2004Q3","2004Q4",1206
"1207",6179,11836,1,"31.03.2006",11836,"31.03.2006","2006Q1","2006Q2",1207
"1219",6219,11907,1,"31.03.2007",11907,"31.03.2007","2007Q1","2007Q1",1219
"1223",6230,12046,1,"31.12.2004",12046,"31.12.2004","2004Q4","2004Q4",1223
"1225",6253,12047,1,"30.09.2005",12047,"30.09.2005","2005Q3","2005Q3",1225
"1229",6271,12075,1,"30.06.2005",12075,"30.06.2005","2005Q2","2005Q4",1229
"1230",6278,12075,1,"31.03.2007",12075,"31.03.2007","2007Q1","2007Q3",1230
"1233",6298,12091,1,"30.09.2007",12091,"30.09.2007","2007Q3","2007Q3",1233
"1234",6312,12123,1,"31.01.2006",12123,"31.01.2006","2005Q4","2005Q4",1234
"1235",6325,12212,1,"30.06.2004",12212,"30.06.2004","2004Q2","2004Q2",1235
"1240",6359,12215,1,"31.12.2007",12215,"31.12.2007","2007Q4","2007Q4",1240
"1241",6368,12234,1,"31.01.2005",12234,"31.01.2005","2004Q4","2004Q4",1241
"1242",6376,12234,1,"31.01.2007",12234,"31.01.2007","2006Q4","2006Q4",1242
"1243",6385,12246,1,"31.03.2005",12246,"31.03.2005","2005Q1","2005Q1",1243
"1244",6392,12256,1,"30.09.2004",12256,"30.09.2004","2004Q3","2004Q2",1244
"1256",6445,12277,1,"31.03.2005",12277,"31.03.2005","2005Q1","2005Q1",1256
"1263",6467,12304,1,"30.09.2005",12304,"30.09.2005","2005Q3","2005Q4",1263
"1264",6481,12378,1,"30.06.2004",12378,"30.06.2004","2004Q2","2004Q4",1264
"1273",6499,12385,1,"30.06.2004",12385,"30.06.2004","2004Q2","2004Q2",1273
"1276",6513,12392,1,"31.12.2005",12392,"31.12.2005","2005Q4","2005Q4",1276
"1277",6531,12400,1,"31.05.2005",12400,"31.05.2005","2005Q2","2004Q4",1277
"1280",6567,12441,1,"31.03.2005",12441,"31.03.2005","2005Q1","2005Q1",1280
"1284",6595,12444,1,"31.01.2007",12444,"31.01.2007","2006Q4","2006Q4",1284
"1286",6606,12471,1,"30.06.2005",12471,"30.06.2005","2005Q2","2005Q2",1286
"1290",6622,12472,1,"30.06.2004",12472,"30.06.2004","2004Q2","2004Q1",1290
"1291",6631,12472,1,"30.09.2006",12472,"30.09.2006","2006Q3","2006Q2",1291
"1305",6674,12485,1,"31.12.2005",12485,"31.12.2005","2005Q4","2005Q4",1305
"1309",6696,12519,1,"30.06.2006",12519,"30.06.2006","2006Q2","2006Q2",1309
"1331",6734,12575,1,"30.06.2006",12575,"30.06.2006","2006Q2","2006Q1",1331
"1354",6766,12589,1,"31.03.2007",12589,"31.03.2007","2007Q1","2007Q1",1354
"1355",6783,12620,1,"30.04.2006",12620,"30.04.2006","2006Q1","2005Q4",1355
"1356",6795,12621,1,"30.06.2004",12621,"30.06.2004","2004Q2","2004Q2",1356
"1368",6821,12669,1,"31.12.2005",12669,"31.12.2005","2005Q4","2005Q4",1368
"1391",6884,12684,1,"31.03.2007",12684,"31.03.2007","2007Q1","2007Q1",1391
"1395",6903,12689,1,"30.11.2006",12689,"30.11.2006","2006Q4","2006Q4",1395
"1402",6917,12697,1,"30.06.2005",12697,"30.06.2005","2005Q2","2005Q2",1402
"1403",6923,12697,1,"31.12.2006",12697,"31.12.2006","2006Q4","2006Q4",1403
"1405",6940,12708,1,"30.09.2006",12708,"30.09.2006","2006Q3","2006Q3",1405
"1406",6962,12734,1,"31.03.2007",12734,"31.03.2007","2007Q1","2007Q3",1406
"1408",6982,12785,1,"30.09.2007",12785,"30.09.2007","2007Q3","2007Q4",1408
"1409",6988,12818,1,"30.06.2006",12818,"30.06.2006","2006Q2","2006Q4",1409
"1432",7049,12868,1,"31.07.2007",12868,"31.07.2007","2007Q2","2007Q3",1432
"1434",7058,12877,1,"31.12.2004",12877,"31.12.2004","2004Q4","2005Q2",1434
"1436",7065,12877,1,"30.09.2006",12877,"30.09.2006","2006Q3","2007Q1",1436
"1438",7084,12895,1,"31.12.2006",12895,"31.12.2006","2006Q4","2006Q4",1438
"1439",7095,12964,1,"30.09.2004",12964,"30.09.2004","2004Q3","2004Q3",1439
"1447",7143,13034,1,"31.01.2007",13034,"31.01.2007","2006Q4","2007Q1",1447
"1458",7167,13071,1,"30.04.2005",13071,"30.04.2005","2005Q1","2005Q2",1458
"1463",7211,13163,1,"31.03.2007",13163,"31.03.2007","2007Q1","2006Q4",1463
"1465",7223,13169,1,"31.03.2005",13169,"31.03.2005","2005Q1","2005Q1",1465
"1477",7244,13193,1,"30.09.2005",13193,"30.09.2005","2005Q3","2005Q3",1477
"1487",7303,13289,1,"30.06.2006",13289,"30.06.2006","2006Q2","2006Q4",1487
"1489",7324,13311,1,"31.03.2007",13311,"31.03.2007","2007Q1","2007Q1",1489
"1492",7336,13328,1,"31.01.2005",13328,"31.01.2005","2004Q4","2004Q4",1492
"1504",7380,13375,1,"30.06.2004",13375,"30.06.2004","2004Q2","2004Q2",1504
"1505",7404,13406,1,"30.06.2005",13406,"30.06.2005","2005Q2","2005Q2",1505
"1519",7442,13443,1,"31.10.2004",13443,"31.10.2004","2004Q3","2004Q4",1519
"1521",7461,13480,1,"30.09.2004",13480,"30.09.2004","2004Q3","2004Q3",1521
"1524",7490,13505,1,"31.12.2006",13505,"31.12.2006","2006Q4","2006Q3",1524
"1525",7500,13531,1,"30.04.2005",13531,"30.04.2005","2005Q1","2005Q1",1525
"1528",7512,13550,1,"31.12.2004",13550,"31.12.2004","2004Q4","2004Q4",1528
"1530",7522,13550,1,"30.06.2007",13550,"30.06.2007","2007Q2","2007Q2",1530
"1532",7540,13602,1,"31.10.2006",13602,"31.10.2006","2006Q3","2006Q2",1532
"1538",7571,13634,1,"30.09.2004",13634,"30.09.2004","2004Q3","2004Q2",1538
"1542",7599,13680,1,"30.09.2006",13680,"30.09.2006","2006Q3","2006Q3",1542
"1547",7635,13712,1,"31.12.2005",13712,"31.12.2005","2005Q4","2005Q4",1547
"1548",7650,13765,1,"31.12.2005",13765,"31.12.2005","2005Q4","2006Q2",1548
"1554",7665,13789,1,"31.03.2005",13789,"31.03.2005","2005Q1","2005Q1",1554
"1571",7717,13839,1,"31.12.2005",13839,"31.12.2005","2005Q4","2005Q4",1571
"1572",7731,13842,1,"30.04.2004",13842,"30.04.2004","2004Q1","2004Q1",1572
"1573",7737,13853,1,"30.06.2004",13853,"30.06.2004","2004Q2","2004Q2",1573
"1593",7778,13990,1,"31.03.2006",13990,"31.03.2006","2006Q1","2006Q1",1593
"1608",7830,14150,1,"30.09.2005",14150,"30.09.2005","2005Q3","2005Q2",1608
"1610",7838,14150,1,"31.12.2007",14150,"31.12.2007","2007Q4","2007Q3",1610
"1618",7873,14252,1,"31.08.2005",14252,"31.08.2005","2005Q3","2005Q4",1618
"1632",7912,14369,1,"30.09.2005",14369,"30.09.2005","2005Q3","2005Q3",1632
"1640",7958,14395,1,"30.09.2007",14395,"30.09.2007","2007Q3","2007Q3",1640
"1644",7968,14450,1,"30.06.2005",14450,"30.06.2005","2005Q2","2005Q2",1644
"1646",7975,14450,1,"31.03.2007",14450,"31.03.2007","2007Q1","2007Q1",1646
"1648",7985,14457,1,"30.09.2004",14457,"30.09.2004","2004Q3","2004Q4",1648
"1649",8001,14489,1,"31.07.2006",14489,"31.07.2006","2006Q2","2006Q2",1649
"1653",8015,14490,1,"31.03.2005",14490,"31.03.2005","2005Q1","2005Q3",1653
"1662",8041,14549,1,"28.02.2006",14549,"28.02.2006","2006Q1","2006Q2",1662
"1665",8049,14561,1,"31.03.2004",14561,"31.03.2004","2004Q1","2004Q3",1665
"1667",8081,14624,1,"30.09.2007",14624,"30.09.2007","2007Q3","2007Q3",1667
"1668",8090,14638,1,"31.12.2004",14638,"31.12.2004","2004Q4","2004Q4",1668
"1676",8111,14653,1,"30.06.2005",14653,"30.06.2005","2005Q2","2005Q4",1676
"1677",8138,14790,1,"30.09.2007",14790,"30.09.2007","2007Q3","2007Q3",1677
"1678",8154,14815,1,"30.09.2006",14815,"30.09.2006","2006Q3","2006Q2",1678
"1680",8163,14834,1,"29.02.2004",14834,"29.02.2004","2004Q1","2004Q2",1680
"1684",8187,14852,1,"31.12.2005",14852,"31.12.2005","2005Q4","2006Q1",1684
"1688",8221,14863,1,"30.06.2007",14863,"30.06.2007","2007Q2","2007Q2",1688
"1698",8253,14898,1,"30.06.2006",14898,"30.06.2006","2006Q2","2006Q2",1698
"1723",8336,15291,1,"31.12.2005",15291,"31.12.2005","2005Q4","2005Q4",1723
"1724",8351,15331,1,"30.09.2004",15331,"30.09.2004","2004Q3","2004Q3",1724
"1726",8383,15347,1,"30.09.2007",15347,"30.09.2007","2007Q3","2007Q3",1726
"1727",8403,15474,1,"30.09.2007",15474,"30.09.2007","2007Q3","2007Q4",1727
"1738",8444,16405,1,"31.12.2006",16405,"31.12.2006","2006Q4","2006Q4",1738
"1739",8454,16456,1,"30.06.2004",16456,"30.06.2004","2004Q2","2004Q2",1739
"1745",8481,16488,1,"30.04.2006",16488,"30.04.2006","2006Q1","2006Q3",1745
"1760",8517,18364,1,"31.03.2004",18364,"31.03.2004","2004Q1","2004Q1",1760
"1761",8539,18560,1,"30.09.2004",18560,"30.09.2004","2004Q3","2004Q3",1761
"1762",8545,18560,1,"31.03.2006",18560,"31.03.2006","2006Q1","2006Q1",1762
"1780",8570,19034,1,"30.06.2004",19034,"30.06.2004","2004Q2","2004Q2",1780
"1787",8609,19402,1,"31.07.2004",19402,"31.07.2004","2004Q2","2004Q2",1787
"1794",8635,19431,1,"31.01.2006",19431,"31.01.2006","2005Q4","2005Q4",1794
"1795",8642,19431,1,"31.10.2007",19431,"31.10.2007","2007Q3","2007Q3",1795
"1796",8659,19557,1,"31.03.2007",19557,"31.03.2007","2007Q1","2007Q1",1796
"1803",8686,19911,1,"30.09.2006",19911,"30.09.2006","2006Q3","2006Q4",1803
"1805",8698,20036,1,"31.12.2004",20036,"31.12.2004","2004Q4","2004Q4",1805
"1818",8728,20217,1,"30.06.2007",20217,"30.06.2007","2007Q2","2007Q2",1818
"1820",8738,20296,1,"31.12.2004",20296,"31.12.2004","2004Q4","2004Q4",1820
"1821",8766,20653,1,"31.12.2006",20653,"31.12.2006","2006Q4","2006Q4",1821
"1833",8814,20904,1,"31.12.2004",20904,"31.12.2004","2004Q4","2005Q1",1833
"1834",8845,21136,1,"31.12.2007",21136,"31.12.2007","2007Q4","2007Q4",1834
"1835",8850,21244,1,"31.03.2004",21244,"31.03.2004","2004Q1","2004Q1",1835
"1836",8875,21427,1,"30.09.2005",21427,"30.09.2005","2005Q3","2006Q1",1836
"1842",8900,21519,1,"31.07.2004",21519,"31.07.2004","2004Q2","2004Q3",1842
"1853",8940,21663,1,"30.09.2004",21663,"30.09.2004","2004Q3","2004Q3",1853
"1854",8970,21677,1,"30.09.2007",21677,"30.09.2007","2007Q3","2007Q3",1854
"1855",8979,21763,1,"31.12.2004",21763,"31.12.2004","2004Q4","2004Q4",1855
"1861",9011,21856,1,"30.09.2005",21856,"30.09.2005","2005Q3","2005Q4",1861
"1864",9040,22140,1,"30.09.2005",22140,"30.09.2005","2005Q3","2005Q3",1864
"1880",9087,22205,1,"31.12.2007",22205,"31.12.2007","2007Q4","2007Q4",1880
"1881",9096,22308,1,"31.03.2005",22308,"31.03.2005","2005Q1","2005Q1",1881
"1891",9132,22447,1,"30.06.2005",22447,"30.06.2005","2005Q2","2005Q4",1891
"1892",9135,22447,1,"30.09.2006",22447,"30.09.2006","2006Q3","2006Q3",1892
"1895",9147,22542,1,"31.08.2004",22542,"31.08.2004","2004Q3","2004Q4",1895
"1904",9166,22543,1,"30.09.2004",22543,"30.09.2004","2004Q3","2004Q4",1904
"1905",9184,22612,1,"30.04.2004",22612,"30.04.2004","2004Q1","2004Q1",1905
"1911",9216,22632,1,"30.06.2005",22632,"30.06.2005","2005Q2","2005Q4",1911
"1913",9236,22718,1,"31.03.2006",22718,"31.03.2006","2006Q1","2006Q3",1913
"1916",9261,22729,1,"31.12.2007",22729,"31.12.2007","2007Q4","2007Q4",1916
"1917",9266,22797,1,"31.03.2004",22797,"31.03.2004","2004Q1","2003Q4",1917
"1937",9326,22978,1,"31.03.2006",22978,"31.03.2006","2006Q1","2006Q1",1937
"1938",9335,23195,1,"31.08.2004",23195,"31.08.2004","2004Q3","2004Q1",1938
"1953",9377,23387,1,"31.03.2005",23387,"31.03.2005","2005Q1","2005Q1",1953
"1954",9393,23528,1,"31.03.2005",23528,"31.03.2005","2005Q1","2005Q1",1954
"1964",9415,23535,1,"30.11.2005",23535,"30.11.2005","2005Q4","2006Q1",1964
"1970",9436,23561,1,"30.06.2006",23561,"30.06.2006","2006Q2","2006Q2",1970
"1977",9453,23577,1,"30.09.2005",23577,"30.09.2005","2005Q3","2006Q1",1977
"1998",9494,23767,1,"30.06.2006",23767,"30.06.2006","2006Q2","2006Q2",1998
"2003",9509,23774,1,"30.06.2005",23774,"30.06.2005","2005Q2","2005Q2",2003
"2005",9524,23898,1,"30.09.2005",23898,"30.09.2005","2005Q3","2005Q4",2005
"2008",9549,23964,1,"31.03.2007",23964,"31.03.2007","2007Q1","2007Q1",2008
"2009",9558,23978,1,"30.09.2004",23978,"30.09.2004","2004Q3","2004Q3",2009
"2010",9576,24005,1,"31.03.2004",24005,"31.03.2004","2004Q1","2004Q1",2010
"2012",9588,24005,1,"30.06.2007",24005,"30.06.2007","2007Q2","2007Q2",2012
"2013",9608,24032,1,"30.06.2007",24032,"30.06.2007","2007Q2","2007Q2",2013
"2016",9633,24186,1,"30.09.2006",24186,"30.09.2006","2006Q3","2006Q3",2016
"2017",9652,24198,1,"31.03.2007",24198,"31.03.2007","2007Q1","2007Q1",2017
"2030",9681,24224,1,"31.12.2004",24224,"31.12.2004","2004Q4","2004Q4",2030
"2041",9711,24346,1,"31.03.2004",24346,"31.03.2004","2004Q1","2004Q1",2041
"2042",9724,24346,1,"30.06.2007",24346,"30.06.2007","2007Q2","2007Q2",2042
"2046",9733,24356,1,"31.03.2005",24356,"31.03.2005","2005Q1","2005Q1",2046
"2048",9741,24356,1,"31.03.2007",24356,"31.03.2007","2007Q1","2007Q1",2048
"2049",9746,24402,1,"31.03.2004",24402,"31.03.2004","2004Q1","2004Q1",2049
"2053",9776,24415,1,"31.12.2007",24415,"31.12.2007","2007Q4","2007Q4",2053
"2061",9793,24449,1,"31.03.2007",24449,"31.03.2007","2007Q1","2007Q1",2061
"2062",9805,24489,1,"31.12.2005",24489,"31.12.2005","2005Q4","2006Q2",2062
"2064",9821,24491,1,"30.06.2005",24491,"30.06.2005","2005Q2","2005Q2",2064
"2068",9836,24537,1,"31.03.2004",24537,"31.03.2004","2004Q1","2004Q3",2068
"2076",9859,24538,1,"31.07.2005",24538,"31.07.2005","2005Q2","2005Q3",2076
"2077",9876,24660,1,"31.12.2004",24660,"31.12.2004","2004Q4","2004Q4",2077
"2080",9903,24669,1,"31.12.2006",24669,"31.12.2006","2006Q4","2006Q4",2080
"2082",9915,24689,1,"31.12.2004",24689,"31.12.2004","2004Q4","2004Q4",2082
"2085",9925,24689,1,"30.06.2007",24689,"30.06.2007","2007Q2","2007Q2",2085
"2101",9973,24755,1,"31.12.2005",24755,"31.12.2005","2005Q4","2006Q2",2101
"2113",10012,24776,1,"31.01.2007",24776,"31.01.2007","2006Q4","2006Q4",2113
"2114",10022,24783,1,"30.09.2004",24783,"30.09.2004","2004Q3","2004Q4",2114
"2119",10045,24792,1,"30.09.2005",24792,"30.09.2005","2005Q3","2005Q3",2119
"2127",10065,24803,1,"30.09.2005",24803,"30.09.2005","2005Q3","2005Q4",2127
"2129",10099,24856,1,"31.12.2006",24856,"31.12.2006","2006Q4","2006Q4",2129
"2130",10112,24890,1,"30.06.2005",24890,"30.06.2005","2005Q2","2005Q4",2130
"2136",10127,24909,1,"30.09.2004",24909,"30.09.2004","2004Q3","2004Q3",2136
"2137",10145,24912,1,"30.06.2006",24912,"30.06.2006","2006Q2","2006Q2",2137
"2150",10168,24922,1,"31.03.2007",24922,"31.03.2007","2007Q1","2007Q1",2150
"2151",10176,24934,1,"31.03.2004",24934,"31.03.2004","2004Q1","2004Q1",2151
"2163",10215,24954,1,"30.09.2004",24954,"30.09.2004","2004Q3","2004Q3",2163
"2165",10228,24978,1,"31.03.2006",24978,"31.03.2006","2006Q1","2006Q1",2165
"2166",10254,25033,1,"31.10.2007",25033,"31.10.2007","2007Q3","2007Q4",2166
"2167",10268,25079,1,"30.06.2006",25079,"30.06.2006","2006Q2","2006Q2",2167
"2174",10300,25118,1,"30.09.2005",25118,"30.09.2005","2005Q3","2005Q3",2174
"2178",10321,25132,1,"31.12.2005",25132,"31.12.2005","2005Q4","2005Q4",2178
"2180",10328,25132,1,"30.09.2007",25132,"30.09.2007","2007Q3","2007Q3",2180
"2187",10359,25168,1,"30.06.2007",25168,"30.06.2007","2007Q2","2007Q2",2187
"2188",10374,25314,1,"30.04.2007",25314,"30.04.2007","2007Q1","2006Q4",2188
"2193",10400,25320,1,"30.06.2006",25320,"30.06.2006","2006Q2","2006Q3",2193
"2196",10416,25331,1,"31.08.2005",25331,"31.08.2005","2005Q3","2005Q4",2196
"2203",10449,25399,1,"30.06.2006",25399,"30.06.2006","2006Q2","2006Q2",2203
"2207",10473,25623,1,"30.04.2007",25623,"30.04.2007","2007Q1","2006Q4",2207
"2211",10483,25655,1,"31.12.2004",25655,"31.12.2004","2004Q4","2004Q4",2211
"2216",10515,25694,1,"30.09.2004",25694,"30.09.2004","2004Q3","2005Q1",2216
"2217",10530,25726,1,"31.03.2006",25726,"31.03.2006","2006Q1","2006Q1",2217
"2220",10544,25731,1,"31.07.2004",25731,"31.07.2004","2004Q2","2004Q3",2220
"2221",10556,25731,1,"31.07.2007",25731,"31.07.2007","2007Q2","2007Q3",2221
"2222",10572,25774,1,"30.09.2006",25774,"30.09.2006","2006Q3","2006Q3",2222
"2236",10621,25845,1,"31.12.2005",25845,"31.12.2005","2005Q4","2005Q3",2236
"2248",10664,25918,1,"30.09.2006",25918,"30.09.2006","2006Q3","2006Q4",2248
"2253",10696,25937,1,"31.03.2005",25937,"31.03.2005","2005Q1","2005Q1",2253
"2257",10735,25972,1,"30.06.2006",25972,"30.06.2006","2006Q2","2006Q3",2257
"2260",10752,25976,1,"31.12.2005",25976,"31.12.2005","2005Q4","2005Q4",2260
"2261",10780,25979,1,"31.12.2007",25979,"31.12.2007","2007Q4","2007Q4",2261
"2274",10816,26012,1,"31.03.2005",26012,"31.03.2005","2005Q1","2004Q4",2274
"2276",10844,26019,1,"30.04.2005",26019,"30.04.2005","2005Q1","2005Q1",2276
"2278",10859,26039,1,"31.03.2004",26039,"31.03.2004","2004Q1","2004Q1",2278
"2279",10870,26039,1,"31.12.2006",26039,"31.12.2006","2006Q4","2006Q4",2279
"2284",10884,26044,1,"30.04.2005",26044,"30.04.2005","2005Q1","2005Q2",2284
"2285",10903,26045,1,"31.03.2005",26045,"31.03.2005","2005Q1","2005Q1",2285
"2295",10932,26061,1,"30.09.2007",26061,"30.09.2007","2007Q3","2007Q3",2295
"2298",10950,26064,1,"31.03.2007",26064,"31.03.2007","2007Q1","2007Q3",2298
"2299",10967,26069,1,"31.12.2006",26069,"31.12.2006","2006Q4","2006Q4",2299
"2303",10978,27748,1,"30.09.2004",27748,"30.09.2004","2004Q3","2004Q3",2303
"2304",11003,27760,1,"31.12.2005",27760,"31.12.2005","2005Q4","2005Q4",2304
"2305",11010,27760,1,"30.09.2007",27760,"30.09.2007","2007Q3","2007Q3",2305
"2307",11023,27776,1,"31.12.2005",27776,"31.12.2005","2005Q4","2005Q4",2307
"2308",11035,27783,1,"31.03.2005",27783,"31.03.2005","2005Q1","2005Q1",2308
"2309",11061,27784,1,"30.09.2007",27784,"30.09.2007","2007Q3","2007Q4",2309
"2317",11111,27825,1,"30.06.2005",27825,"30.06.2005","2005Q2","2005Q4",2317
"2332",11136,28003,1,"30.06.2004",28003,"30.06.2004","2004Q2","2004Q2",2332
"2334",11163,28018,1,"31.01.2005",28018,"31.01.2005","2004Q4","2004Q4",2334
"2336",11185,28118,1,"30.09.2005",28118,"30.09.2005","2005Q3","2005Q3",2336
"2338",11208,28139,1,"30.06.2006",28139,"30.06.2006","2006Q2","2006Q3",2338
"2340",11224,28180,1,"30.09.2005",28180,"30.09.2005","2005Q3","2005Q3",2340
"2341",11243,28194,1,"30.06.2005",28194,"30.06.2005","2005Q2","2005Q2",2341
"2343",11251,28194,1,"30.06.2007",28194,"30.06.2007","2007Q2","2007Q2",2343
"2345",11269,28195,1,"30.11.2006",28195,"30.11.2006","2006Q4","2007Q1",2345
"2352",11284,28206,1,"31.12.2005",28206,"31.12.2005","2005Q4","2005Q4",2352
"2353",11297,28214,1,"31.03.2004",28214,"31.03.2004","2004Q1","2004Q1",2353
"2368",11343,28285,1,"31.03.2006",28285,"31.03.2006","2006Q1","2006Q3",2368
"2369",11358,28316,1,"30.09.2006",28316,"30.09.2006","2006Q3","2006Q3",2369
"2370",11379,28347,1,"31.12.2006",28347,"31.12.2006","2006Q4","2006Q4",2370
"2373",11391,28374,1,"31.12.2004",28374,"31.12.2004","2004Q4","2004Q4",2373
"2375",11418,28414,1,"31.12.2006",28414,"31.12.2006","2006Q4","2006Q4",2375
"2377",11429,28435,1,"30.09.2004",28435,"30.09.2004","2004Q3","2004Q3",2377
"2385",11454,28462,1,"30.09.2005",28462,"30.09.2005","2005Q3","2005Q3",2385
"2396",11494,28502,1,"31.05.2006",28502,"31.05.2006","2006Q2","2005Q4",2396
"2397",11512,28504,1,"31.03.2006",28504,"31.03.2006","2006Q1","2006Q1",2397
"2398",11529,28564,1,"30.09.2005",28564,"30.09.2005","2005Q3","2005Q3",2398
"2405",11563,28600,1,"30.09.2004",28600,"30.09.2004","2004Q3","2004Q3",2405
"2412",11582,28616,1,"30.06.2007",28616,"30.06.2007","2007Q2","2007Q4",2412
"2413",11597,28641,1,"30.09.2006",28641,"30.09.2006","2006Q3","2006Q4",2413
"2419",11614,28668,1,"31.01.2006",28668,"31.01.2006","2005Q4","2005Q4",2419
"2424",11644,28691,1,"31.12.2006",28691,"31.12.2006","2006Q4","2006Q4",2424
"2426",11658,28699,1,"30.06.2005",28699,"30.06.2005","2005Q2","2005Q2",2426
"2428",11675,28737,1,"30.09.2004",28737,"30.09.2004","2004Q3","2004Q4",2428
"2443",11742,28787,1,"30.09.2004",28787,"30.09.2004","2004Q3","2004Q3",2443
"2445",11760,28877,1,"31.03.2004",28877,"31.03.2004","2004Q1","2004Q2",2445
"2449",11811,28917,1,"31.03.2007",28917,"31.03.2007","2007Q1","2007Q1",2449
"2450",11821,28933,1,"31.12.2004",28933,"31.12.2004","2004Q4","2004Q4",2450
"2457",11846,28940,1,"31.12.2006",28940,"31.12.2006","2006Q4","2006Q4",2457
"2460",11857,28942,1,"30.09.2004",28942,"30.09.2004","2004Q3","2004Q2",2460
"2463",11867,28947,1,"31.03.2005",28947,"31.03.2005","2005Q1","2005Q1",2463
"2474",11921,29021,1,"31.07.2004",29021,"31.07.2004","2004Q2","2004Q2",2474
"2483",11939,29040,1,"30.06.2005",29040,"30.06.2005","2005Q2","2005Q2",2483
"2499",11991,29105,1,"30.09.2004",29105,"30.09.2004","2004Q3","2004Q3",2499
"2510",12037,29151,1,"30.09.2005",29151,"30.09.2005","2005Q3","2005Q3",2510
"2512",12046,29151,1,"31.12.2007",29151,"31.12.2007","2007Q4","2007Q4",2512
"2534",12082,29250,1,"31.12.2006",29250,"31.12.2006","2006Q4","2006Q4",2534
"2537",12103,29264,1,"30.04.2007",29264,"30.04.2007","2007Q1","2007Q1",2537
"2539",12124,29304,1,"31.10.2007",29304,"31.10.2007","2007Q3","2007Q2",2539
"2550",12168,29341,1,"30.06.2005",29341,"30.06.2005","2005Q2","2005Q2",2550
"2551",12185,29342,1,"30.09.2004",29342,"30.09.2004","2004Q3","2004Q3",2551
"2555",12198,29342,1,"31.12.2007",29342,"31.12.2007","2007Q4","2007Q4",2555
"2556",12205,29346,1,"30.09.2004",29346,"30.09.2004","2004Q3","2004Q3",2556
"2560",12234,29353,1,"30.11.2006",29353,"30.11.2006","2006Q4","2007Q1",2560
"2561",12242,29366,1,"31.03.2004",29366,"31.03.2004","2004Q1","2004Q2",2561
"2566",12271,29433,1,"30.09.2004",29433,"30.09.2004","2004Q3","2004Q2",2566
"2567",12276,29433,1,"31.12.2005",29433,"31.12.2005","2005Q4","2005Q3",2567
"2568",12303,29435,1,"30.09.2007",29435,"30.09.2007","2007Q3","2007Q4",2568
"2569",12312,29453,1,"31.03.2005",29453,"31.03.2005","2005Q1","2005Q1",2569
"2572",12331,29461,1,"31.12.2004",29461,"31.12.2004","2004Q4","2004Q4",2572
"2588",12381,29609,1,"30.06.2007",29609,"30.06.2007","2007Q2","2007Q4",2588
"2589",12386,29669,1,"31.03.2004",29669,"31.03.2004","2004Q1","2004Q1",2589
"2595",12407,29709,1,"31.12.2006",29709,"31.12.2006","2006Q4","2006Q3",2595
"2600",12428,29733,1,"31.03.2007",29733,"31.03.2007","2007Q1","2007Q1",2600
"2608",12445,29823,1,"31.12.2004",29823,"31.12.2004","2004Q4","2004Q4",2608
"2609",12463,29829,1,"31.12.2004",29829,"31.12.2004","2004Q4","2005Q2",2609
"2618",12484,29864,1,"30.09.2005",29864,"30.09.2005","2005Q3","2005Q3",2618
"2629",12546,29921,1,"31.03.2006",29921,"31.03.2006","2006Q1","2006Q1",2629
"2637",12559,29930,1,"30.06.2004",29930,"30.06.2004","2004Q2","2004Q1",2637
"2650",12583,29934,1,"31.05.2005",29934,"31.05.2005","2005Q2","2004Q4",2650
"2651",12589,29934,1,"30.11.2006",29934,"30.11.2006","2006Q4","2006Q2",2651
"2656",12622,29965,1,"31.03.2005",29965,"31.03.2005","2005Q1","2005Q1",2656
"2657",12627,29997,1,"31.03.2004",29997,"31.03.2004","2004Q1","2004Q3",2657
"2660",12651,30006,1,"30.09.2005",30006,"30.09.2005","2005Q3","2005Q3",2660
"2662",12670,30009,1,"30.06.2005",30009,"30.06.2005","2005Q2","2005Q1",2662
"2665",12697,30032,1,"30.09.2007",30032,"30.09.2007","2007Q3","2007Q2",2665
"2666",12715,30121,1,"31.03.2007",30121,"31.03.2007","2007Q1","2006Q4",2666
"2673",12744,30163,1,"30.06.2004",30163,"30.06.2004","2004Q2","2004Q2",2673
"2675",12767,30169,1,"31.03.2006",30169,"31.03.2006","2006Q1","2006Q1",2675
"2709",12831,30205,1,"31.03.2004",30205,"31.03.2004","2004Q1","2004Q1",2709
"2727",12882,30219,1,"31.10.2006",30219,"31.10.2006","2006Q3","2006Q3",2727
"2729",12902,30220,1,"31.12.2006",30220,"31.12.2006","2006Q4","2006Q4",2729
"2733",12917,30265,1,"31.03.2004",30265,"31.03.2004","2004Q1","2004Q1",2733
"2755",12954,30463,1,"29.02.2004",30463,"29.02.2004","2004Q1","2004Q2",2755
"2760",12986,30558,1,"30.06.2007",30558,"30.06.2007","2007Q2","2007Q2",2760
"2762",13000,30559,1,"31.12.2005",30559,"31.12.2005","2005Q4","2005Q4",2762
"2764",13006,30559,1,"30.06.2007",30559,"30.06.2007","2007Q2","2007Q2",2764
"2769",13022,30612,1,"30.06.2006",30612,"30.06.2006","2006Q2","2006Q2",2769
"2773",13047,30614,1,"30.09.2007",30614,"30.09.2007","2007Q3","2007Q3",2773
"2777",13082,30697,1,"30.06.2006",30697,"30.06.2006","2006Q2","2006Q4",2777
"2783",13113,30710,1,"31.03.2006",30710,"31.03.2006","2006Q1","2006Q1",2783
"2785",13136,30714,1,"31.12.2006",30714,"31.12.2006","2006Q4","2006Q3",2785
"2796",13180,30870,1,"30.09.2004",30870,"30.09.2004","2004Q3","2005Q1",2796
"2800",13211,30877,1,"31.12.2007",30877,"31.12.2007","2007Q4","2007Q4",2800
"2824",13266,30971,1,"31.03.2004",30971,"31.03.2004","2004Q1","2004Q1",2824
"2826",13281,30971,1,"31.12.2007",30971,"31.12.2007","2007Q4","2007Q4",2826
"2827",13292,31012,1,"30.09.2005",31012,"30.09.2005","2005Q3","2005Q3",2827
"2829",13301,31012,1,"31.12.2007",31012,"31.12.2007","2007Q4","2007Q4",2829
"2831",13333,31055,1,"31.12.2007",31055,"31.12.2007","2007Q4","2007Q4",2831
"2837",13346,31193,1,"31.12.2004",31193,"31.12.2004","2004Q4","2004Q4",2837
"2855",13408,31285,1,"30.09.2005",31285,"30.09.2005","2005Q3","2005Q3",2855
"2859",13427,31392,1,"30.06.2005",31392,"30.06.2005","2005Q2","2005Q3",2859
"2861",13450,31453,1,"30.09.2006",31453,"30.09.2006","2006Q3","2006Q3",2861
"2871",13505,31578,1,"30.06.2006",31578,"30.06.2006","2006Q2","2006Q2",2871
"2872",13520,31614,1,"28.02.2006",31614,"28.02.2006","2006Q1","2006Q2",2872
"2876",13533,31706,1,"31.03.2005",31706,"31.03.2005","2005Q1","2005Q1",2876
"2884",13556,31752,1,"30.06.2004",31752,"30.06.2004","2004Q2","2004Q2",2884
"2885",13584,31754,1,"31.12.2006",31754,"31.12.2006","2006Q4","2006Q4",2885
"2894",13616,60802,1,"30.09.2006",60802,"30.09.2006","2006Q3","2006Q3",2894
"2895",13633,60814,1,"31.12.2005",60814,"31.12.2005","2005Q4","2005Q4",2895
"2907",13672,60887,1,"31.03.2007",60887,"31.03.2007","2007Q1","2007Q1",2907
"2908",13687,60893,1,"31.12.2005",60893,"31.12.2005","2005Q4","2005Q4",2908
"2909",13700,60902,1,"31.03.2006",60902,"31.03.2006","2006Q1","2006Q1",2909
"2910",13715,60931,1,"31.12.2004",60931,"31.12.2004","2004Q4","2004Q4",2910
"2918",13739,60973,1,"31.12.2005",60973,"31.12.2005","2005Q4","2005Q3",2918
"2924",13753,61060,1,"30.06.2006",61060,"30.06.2006","2006Q2","2006Q2",2924
"2935",13774,61095,1,"30.09.2006",61095,"30.09.2006","2006Q3","2006Q2",2935
"2938",13787,61122,1,"31.12.2004",61122,"31.12.2004","2004Q4","2005Q1",2938
"2945",13817,61181,1,"30.09.2007",61181,"30.09.2007","2007Q3","2007Q3",2945
"2953",13854,61212,1,"31.12.2006",61212,"31.12.2006","2006Q4","2006Q4",2953
"2964",13887,61243,1,"30.09.2005",61243,"30.09.2005","2005Q3","2005Q3",2964
"2965",13894,61253,1,"30.09.2004",61253,"30.09.2004","2004Q3","2004Q3",2965
"2977",13915,61257,1,"31.03.2005",61257,"31.03.2005","2005Q1","2005Q1",2977
"2978",13931,61325,1,"30.06.2006",61325,"30.06.2006","2006Q2","2006Q2",2978
"2984",13954,61338,1,"31.03.2007",61338,"31.03.2007","2007Q1","2007Q1",2984
"2991",13982,61350,1,"30.06.2004",61350,"30.06.2004","2004Q2","2004Q2",2991
"2993",13988,61350,1,"31.12.2005",61350,"31.12.2005","2005Q4","2005Q4",2993
"2994",14014,61376,1,"30.06.2007",61376,"30.06.2007","2007Q2","2007Q2",2994
"2996",14027,61381,1,"30.09.2005",61381,"30.09.2005","2005Q3","2005Q4",2996
"2999",14042,61396,1,"30.09.2004",61396,"30.09.2004","2004Q3","2004Q3",2999
"3002",14071,61400,1,"31.08.2005",61400,"31.08.2005","2005Q3","2005Q4",3002
"3003",14085,61403,1,"30.09.2005",61403,"30.09.2005","2005Q3","2005Q3",3003
"3011",14104,61404,1,"31.03.2006",61404,"31.03.2006","2006Q1","2006Q2",3011
"3012",14117,61407,1,"31.03.2005",61407,"31.03.2005","2005Q1","2005Q1",3012
"3016",14133,61417,1,"31.03.2004",61417,"31.03.2004","2004Q1","2004Q1",3016
"3017",14154,61483,1,"30.06.2004",61483,"30.06.2004","2004Q2","2004Q2",3017
"3023",14204,61523,1,"31.03.2007",61523,"31.03.2007","2007Q1","2007Q1",3023
"3024",14213,61531,1,"30.04.2004",61531,"30.04.2004","2004Q1","2004Q1",3024
"3026",14223,61558,1,"30.06.2004",61558,"30.06.2004","2004Q2","2004Q2",3026
"3031",14232,61583,1,"31.03.2005",61583,"31.03.2005","2005Q1","2005Q1",3031
"3032",14237,61583,1,"30.06.2006",61583,"30.06.2006","2006Q2","2006Q2",3032
"3033",14245,61584,1,"31.12.2004",61584,"31.12.2004","2004Q4","2004Q4",3033
"3037",14274,61592,1,"31.03.2007",61592,"31.03.2007","2007Q1","2007Q1",3037
"3039",14285,61610,1,"31.12.2004",61610,"31.12.2004","2004Q4","2004Q4",3039
"3040",14294,61610,1,"31.03.2007",61610,"31.03.2007","2007Q1","2007Q1",3040
"3047",14329,61645,1,"31.03.2006",61645,"31.03.2006","2006Q1","2006Q1",3047
"3052",14353,61676,1,"31.03.2007",61676,"31.03.2007","2007Q1","2007Q1",3052
"3054",14365,61685,1,"30.09.2005",61685,"30.09.2005","2005Q3","2005Q4",3054
"3055",14393,61694,1,"31.12.2007",61694,"31.12.2007","2007Q4","2007Q4",3055
"3072",14420,61718,1,"31.12.2004",61718,"31.12.2004","2004Q4","2004Q3",3072
"3080",14443,61721,1,"31.07.2005",61721,"31.07.2005","2005Q2","2005Q3",3080
"3085",14460,61735,1,"30.09.2004",61735,"30.09.2004","2004Q3","2004Q4",3085
"3087",14481,61746,1,"30.06.2005",61746,"30.06.2005","2005Q2","2005Q4",3087
"3088",14488,61746,1,"31.03.2007",61746,"31.03.2007","2007Q1","2007Q3",3088
"3092",14510,61758,1,"31.12.2005",61758,"31.12.2005","2005Q4","2005Q4",3092
"3094",14529,61766,1,"30.09.2005",61766,"30.09.2005","2005Q3","2006Q1",3094
"3098",14555,61859,1,"31.12.2004",61859,"31.12.2004","2004Q4","2004Q4",3098
"3099",14578,61880,1,"30.06.2007",61880,"30.06.2007","2007Q2","2007Q4",3099
"3102",14604,61971,1,"31.12.2006",61971,"31.12.2006","2006Q4","2006Q4",3102
"3107",14628,61996,1,"31.12.2004",61996,"31.12.2004","2004Q4","2004Q4",3107
"3109",14651,62016,1,"30.09.2005",62016,"30.09.2005","2005Q3","2005Q3",3109
"3111",14661,62055,1,"31.03.2005",62055,"31.03.2005","2005Q1","2005Q2",3111
"3118",14681,62057,1,"30.06.2005",62057,"30.06.2005","2005Q2","2005Q2",3118
"3126",14718,62065,1,"30.09.2004",62065,"30.09.2004","2004Q3","2004Q3",3126
"3127",14739,62070,1,"31.12.2005",62070,"31.12.2005","2005Q4","2005Q4",3127
"3137",14754,62093,1,"31.10.2004",62093,"31.10.2004","2004Q3","2004Q3",3137
"3138",14782,62168,1,"31.12.2006",62168,"31.12.2006","2006Q4","2006Q4",3138
"3145",14803,62169,1,"31.08.2007",62169,"31.08.2007","2007Q3","2007Q1",3145
"3147",14817,62200,1,"31.03.2006",62200,"31.03.2006","2006Q1","2006Q1",3147
"3151",14837,62237,1,"31.03.2006",62237,"31.03.2006","2006Q1","2006Q1",3151
"3153",14853,62257,1,"30.06.2006",62257,"30.06.2006","2006Q2","2006Q2",3153
"3161",14919,62268,1,"31.12.2007",62268,"31.12.2007","2007Q4","2007Q4",3161
"3176",14955,62302,1,"31.12.2006",62302,"31.12.2006","2006Q4","2006Q4",3176
"3182",14966,62305,1,"31.08.2004",62305,"31.08.2004","2004Q3","2004Q4",3182
"3191",15032,62501,1,"30.06.2004",62501,"30.06.2004","2004Q2","2004Q3",3191
"3192",15052,62516,1,"30.09.2004",62516,"30.09.2004","2004Q3","2004Q3",3192
"3193",15072,62525,1,"31.12.2004",62525,"31.12.2004","2004Q4","2004Q4",3193
"3194",15077,62525,1,"31.03.2006",62525,"31.03.2006","2006Q1","2006Q1",3194
"3195",15092,62559,1,"31.12.2004",62559,"31.12.2004","2004Q4","2004Q4",3195
"3203",15115,62582,1,"31.03.2006",62582,"31.03.2006","2006Q1","2006Q2",3203
"3224",15149,62612,1,"31.03.2006",62612,"31.03.2006","2006Q1","2006Q1",3224
"3232",15163,62626,1,"30.09.2005",62626,"30.09.2005","2005Q3","2006Q1",3232
"3254",15225,62666,1,"30.04.2007",62666,"30.04.2007","2007Q1","2007Q1",3254
"3261",15264,62730,1,"31.03.2007",62730,"31.03.2007","2007Q1","2007Q1",3261
"3266",15280,62733,1,"31.01.2006",62733,"31.01.2006","2005Q4","2006Q1",3266
"3273",15298,62748,1,"31.07.2005",62748,"31.07.2005","2005Q2","2005Q2",3273
"3274",15311,62768,1,"30.09.2005",62768,"30.09.2005","2005Q3","2005Q3",3274
"3279",15329,62870,1,"31.03.2005",62870,"31.03.2005","2005Q1","2005Q1",3279
"3284",15354,62957,1,"30.09.2004",62957,"30.09.2004","2004Q3","2004Q3",3284
"3290",15381,62990,1,"30.06.2006",62990,"30.06.2006","2006Q2","2006Q2",3290
"3294",15405,63026,1,"30.09.2004",63026,"30.09.2004","2004Q3","2005Q1",3294
"3300",15435,63053,1,"31.12.2004",63053,"31.12.2004","2004Q4","2005Q1",3300
"3308",15488,63102,1,"31.03.2004",63102,"31.03.2004","2004Q1","2003Q4",3308
"3313",15513,63147,1,"31.12.2005",63147,"31.12.2005","2005Q4","2005Q4",3313
"3323",15555,63194,1,"31.12.2006",63194,"31.12.2006","2006Q4","2006Q4",3323
"3324",15570,63195,1,"30.09.2005",63195,"30.09.2005","2005Q3","2005Q3",3324
"3336",15605,63291,1,"31.03.2006",63291,"31.03.2006","2006Q1","2006Q1",3336
"3346",15637,63384,1,"30.06.2007",63384,"30.06.2007","2007Q2","2007Q2",3346
"3357",15688,63470,1,"30.09.2005",63470,"30.09.2005","2005Q3","2006Q1",3357
"3358",15693,63470,1,"31.12.2006",63470,"31.12.2006","2006Q4","2007Q2",3358
"3360",15706,63474,1,"31.12.2005",63474,"31.12.2005","2005Q4","2005Q4",3360
"3362",15717,63490,1,"31.12.2005",63490,"31.12.2005","2005Q4","2005Q4",3362
"3365",15759,63527,1,"30.06.2006",63527,"30.06.2006","2006Q2","2006Q2",3365
"3368",15779,63572,1,"30.06.2006",63572,"30.06.2006","2006Q2","2006Q4",3368
"3370",15789,63593,1,"28.02.2005",63593,"28.02.2005","2005Q1","2004Q4",3370
"3378",15811,63596,1,"30.09.2005",63596,"30.09.2005","2005Q3","2005Q3",3378
"3384",15839,63605,1,"31.12.2004",63605,"31.12.2004","2004Q4","2004Q4",3384
"3392",15867,63635,1,"31.12.2006",63635,"31.12.2006","2006Q4","2006Q4",3392
"3403",15910,63742,1,"31.12.2004",63742,"31.12.2004","2004Q4","2004Q4",3403
"3404",15928,63755,1,"31.12.2004",63755,"31.12.2004","2004Q4","2004Q4",3404
"3407",15945,63821,1,"30.09.2004",63821,"30.09.2004","2004Q3","2005Q1",3407
"3410",15968,63863,1,"31.12.2005",63863,"31.12.2005","2005Q4","2005Q4",3410
"3411",15973,63863,1,"31.03.2007",63863,"31.03.2007","2007Q1","2007Q1",3411
"3412",15989,63874,1,"31.07.2006",63874,"31.07.2006","2006Q2","2006Q2",3412
"3413",15998,63875,1,"31.03.2004",63875,"31.03.2004","2004Q1","2004Q1",3413
"3417",16039,63915,1,"30.06.2004",63915,"30.06.2004","2004Q2","2004Q2",3417
"3424",16060,63928,1,"30.09.2004",63928,"30.09.2004","2004Q3","2005Q1",3424
"3425",16079,63930,1,"31.12.2004",63930,"31.12.2004","2004Q4","2004Q4",3425
"3429",16101,63938,1,"30.04.2005",63938,"30.04.2005","2005Q1","2005Q1",3429
"3443",16146,63952,1,"31.12.2007",63952,"31.12.2007","2007Q4","2007Q4",3443
"3445",16154,63959,1,"31.12.2004",63959,"31.12.2004","2004Q4","2004Q4",3445
"3447",16172,64017,1,"30.06.2004",64017,"30.06.2004","2004Q2","2004Q2",3447
"3448",16192,64041,1,"31.12.2006",64041,"31.12.2006","2006Q4","2006Q4",3448
"3465",16232,64102,1,"30.06.2004",64102,"30.06.2004","2004Q2","2004Q2",3465
"3467",16240,64102,1,"30.06.2006",64102,"30.06.2006","2006Q2","2006Q2",3467
"3468",16262,64103,1,"31.12.2006",64103,"31.12.2006","2006Q4","2006Q4",3468
"3471",16286,64165,1,"31.12.2007",64165,"31.12.2007","2007Q4","2007Q4",3471
"3475",16302,64282,1,"31.12.2006",64282,"31.12.2006","2006Q4","2006Q4",3475
"3480",16341,64346,1,"30.09.2006",64346,"30.09.2006","2006Q3","2006Q3",3480
"3481",16359,64383,1,"31.03.2006",64383,"31.03.2006","2006Q1","2006Q1",3481
"3482",16374,64402,1,"31.12.2004",64402,"31.12.2004","2004Q4","2004Q4",3482
"3484",16394,64408,1,"30.09.2005",64408,"30.09.2005","2005Q3","2006Q1",3484
"3486",16419,64418,1,"30.06.2007",64418,"30.06.2007","2007Q2","2007Q1",3486
"3488",16429,64433,1,"31.01.2005",64433,"31.01.2005","2004Q4","2004Q4",3488
"3489",16437,64433,1,"31.01.2007",64433,"31.01.2007","2006Q4","2006Q4",3489
"3490",16445,64455,1,"31.08.2004",64455,"31.08.2004","2004Q3","2004Q4",3490
"3494",16453,64455,1,"31.08.2006",64455,"31.08.2006","2006Q3","2006Q4",3494
"3496",16461,64497,1,"30.09.2004",64497,"30.09.2004","2004Q3","2004Q3",3496
"3497",16470,64595,1,"28.02.2005",64595,"28.02.2005","2005Q1","2004Q4",3497
"3499",16480,64595,1,"31.08.2007",64595,"31.08.2007","2007Q3","2007Q2",3499
"3505",16515,64606,1,"31.07.2006",64606,"31.07.2006","2006Q2","2006Q2",3505
"3507",16533,64637,1,"30.09.2006",64637,"30.09.2006","2006Q3","2006Q4",3507
"3516",16549,64720,1,"30.09.2007",64720,"30.09.2007","2007Q3","2007Q3",3516
"3517",16556,64760,1,"30.06.2004",64760,"30.06.2004","2004Q2","2004Q2",3517
"3527",16584,64901,1,"30.09.2006",64901,"30.09.2006","2006Q3","2006Q4",3527
"3528",16595,64919,1,"30.09.2004",64919,"30.09.2004","2004Q3","2004Q4",3528
"3539",16642,64994,1,"30.09.2007",64994,"30.09.2007","2007Q3","2007Q3",3539
"3545",16680,65009,1,"30.09.2007",65009,"30.09.2007","2007Q3","2007Q3",3545
"3546",16688,65011,1,"30.09.2004",65011,"30.09.2004","2004Q3","2004Q3",3546
"3554",16723,65042,1,"31.12.2006",65042,"31.12.2006","2006Q4","2006Q4",3554
"3562",16737,65045,1,"30.06.2005",65045,"30.06.2005","2005Q2","2005Q2",3562
"3569",16775,65158,1,"31.12.2004",65158,"31.12.2004","2004Q4","2004Q4",3569
"3572",16791,65220,1,"30.09.2004",65220,"30.09.2004","2004Q3","2004Q3",3572
"3575",16813,65243,1,"31.03.2005",65243,"31.03.2005","2005Q1","2005Q1",3575
"3578",16833,65247,1,"31.03.2005",65247,"31.03.2005","2005Q1","2005Q1",3578
"3589",16861,65317,1,"30.06.2004",65317,"30.06.2004","2004Q2","2004Q2",3589
"3605",16925,65350,1,"31.03.2006",65350,"31.03.2006","2006Q1","2006Q1",3605
"3606",16945,65421,1,"30.06.2006",65421,"30.06.2006","2006Q2","2006Q2",3606
"3607",16966,65430,1,"31.07.2006",65430,"31.07.2006","2006Q2","2006Q2",3607
"3613",16977,65448,1,"30.06.2004",65448,"30.06.2004","2004Q2","2004Q2",3613
"3616",17011,65457,1,"31.10.2007",65457,"31.10.2007","2007Q3","2007Q2",3616
"3617",17030,65484,1,"31.12.2007",65484,"31.12.2007","2007Q4","2007Q4",3617
"3618",17035,65489,1,"31.03.2004",65489,"31.03.2004","2004Q1","2004Q1",3618
"3633",17066,65554,1,"31.12.2006",65554,"31.12.2006","2006Q4","2006Q4",3633
"3638",17087,65569,1,"31.03.2007",65569,"31.03.2007","2007Q1","2007Q1",3638
"3639",17097,65570,1,"31.12.2004",65570,"31.12.2004","2004Q4","2005Q1",3639
"3640",17103,65607,1,"31.03.2004",65607,"31.03.2004","2004Q1","2004Q3",3640
"3650",17131,65630,1,"31.12.2006",65630,"31.12.2006","2006Q4","2006Q4",3650
"3667",17162,65679,1,"31.12.2004",65679,"31.12.2004","2004Q4","2004Q4",3667
"3669",17192,65702,1,"30.04.2007",65702,"30.04.2007","2007Q1","2006Q4",3669
"3670",17210,65703,1,"31.12.2006",65703,"31.12.2006","2006Q4","2006Q4",3670
"3680",17257,65743,1,"31.01.2007",65743,"31.01.2007","2006Q4","2006Q3",3680
"3687",17279,65765,1,"30.09.2007",65765,"30.09.2007","2007Q3","2007Q3",3687
"3689",17296,65776,1,"31.01.2007",65776,"31.01.2007","2006Q4","2007Q2",3689
"3691",17305,65803,1,"31.12.2004",65803,"31.12.2004","2004Q4","2004Q4",3691
"3693",17331,65881,1,"30.09.2007",65881,"30.09.2007","2007Q3","2007Q3",3693
"3695",17344,65897,1,"31.12.2005",65897,"31.12.2005","2005Q4","2005Q4",3695
"3700",17364,65905,1,"31.12.2005",65905,"31.12.2005","2005Q4","2006Q1",3700
"3702",17381,65908,1,"30.06.2005",65908,"30.06.2005","2005Q2","2005Q2",3702
"3709",17418,65973,1,"31.12.2004",65973,"31.12.2004","2004Q4","2004Q4",3709
"3711",17436,66004,1,"30.06.2004",66004,"30.06.2004","2004Q2","2004Q2",3711
"3717",17455,66029,1,"31.12.2007",66029,"31.12.2007","2007Q4","2007Q4",3717
"3718",17463,66059,1,"31.12.2004",66059,"31.12.2004","2004Q4","2005Q1",3718
"3719",17491,66061,1,"31.03.2007",66061,"31.03.2007","2007Q1","2007Q1",3719
"3721",17506,66062,1,"31.12.2005",66062,"31.12.2005","2005Q4","2005Q4",3721
"3726",17524,66065,1,"30.06.2005",66065,"30.06.2005","2005Q2","2005Q2",3726
"3728",17538,66146,1,"31.12.2004",66146,"31.12.2004","2004Q4","2004Q4",3728
"3731",17560,66268,1,"31.12.2006",66268,"31.12.2006","2006Q4","2006Q4",3731
"3743",17588,66360,1,"31.03.2004",66360,"31.03.2004","2004Q1","2004Q1",3743
"3745",17602,66360,1,"30.09.2007",66360,"30.09.2007","2007Q3","2007Q3",3745
"3747",17617,66368,1,"30.06.2006",66368,"30.06.2006","2006Q2","2006Q2",3747
"3750",17629,66371,1,"30.06.2004",66371,"30.06.2004","2004Q2","2004Q3",3750
"3754",17639,66371,1,"31.12.2006",66371,"31.12.2006","2006Q4","2007Q1",3754
"3756",17650,66379,1,"31.12.2004",66379,"31.12.2004","2004Q4","2004Q4",3756
"3757",17673,66393,1,"30.09.2005",66393,"30.09.2005","2005Q3","2006Q1",3757
"3784",17749,66455,1,"31.12.2005",66455,"31.12.2005","2005Q4","2005Q4",3784
"3786",17766,66596,1,"30.09.2005",66596,"30.09.2005","2005Q3","2005Q3",3786
"3792",17795,66646,1,"31.01.2005",66646,"31.01.2005","2004Q4","2004Q4",3792
"3797",17822,66660,1,"31.12.2006",66660,"31.12.2006","2006Q4","2006Q4",3797
"3799",17829,66675,1,"30.06.2005",66675,"30.06.2005","2005Q2","2005Q4",3799
"3800",17842,105932,1,"30.06.2004",105932,"30.06.2004","2004Q2","2004Q4",3800
"3802",17848,106228,1,"31.03.2004",106228,"31.03.2004","2004Q1","2004Q1",3802
"3805",17866,106254,1,"31.12.2004",106254,"31.12.2004","2004Q4","2004Q3",3805
"3813",17900,108631,1,"31.12.2005",108631,"31.12.2005","2005Q4","2005Q4",3813
"3817",17927,108740,1,"30.09.2007",108740,"30.09.2007","2007Q3","2007Q3",3817
"3834",17965,108970,1,"31.03.2006",108970,"31.03.2006","2006Q1","2006Q1",3834
"3843",18003,109084,1,"31.12.2005",109084,"31.12.2005","2005Q4","2005Q4",3843
"3846",18016,109423,1,"31.03.2004",109423,"31.03.2004","2004Q1","2004Q1",3846
"3847",18031,110039,1,"30.09.2006",110039,"30.09.2006","2006Q3","2006Q3",3847
"3848",18041,110100,1,"31.03.2004",110100,"31.03.2004","2004Q1","2004Q1",3848
"3851",18055,110289,1,"30.09.2005",110289,"30.09.2005","2005Q3","2006Q1",3851
"3861",18081,110387,1,"30.09.2006",110387,"30.09.2006","2006Q3","2006Q3",3861
"3864",18100,110529,1,"30.06.2006",110529,"30.06.2006","2006Q2","2006Q2",3864
"3866",18119,110721,1,"31.01.2006",110721,"31.01.2006","2005Q4","2005Q4",3866
"3867",18136,111022,1,"31.12.2007",111022,"31.12.2007","2007Q4","2007Q3",3867
"3869",18144,111490,1,"31.12.2004",111490,"31.12.2004","2004Q4","2004Q4",3869
"3886",18205,111868,1,"31.12.2005",111868,"31.12.2005","2005Q4","2005Q4",3886
"3896",18226,112034,1,"30.09.2006",112034,"30.09.2006","2006Q3","2006Q3",3896
"3897",18249,112720,1,"30.06.2007",112720,"30.06.2007","2007Q2","2007Q2",3897
"3899",18263,112876,1,"31.03.2006",112876,"31.03.2006","2006Q1","2006Q1",3899
"3901",18278,112878,1,"31.12.2004",112878,"31.12.2004","2004Q4","2004Q4",3901
"3904",18290,113269,1,"31.03.2004",113269,"31.03.2004","2004Q1","2004Q1",3904
"3908",18334,113359,1,"30.06.2006",113359,"30.06.2006","2006Q2","2006Q4",3908
"3909",18343,113373,1,"30.09.2004",113373,"30.09.2004","2004Q3","2004Q3",3909
"3912",18363,113439,1,"31.03.2006",113439,"31.03.2006","2006Q1","2006Q1",3912
"3913",18390,113546,1,"31.12.2007",113546,"31.12.2007","2007Q4","2007Q4",3913
"3914",18401,114225,1,"30.06.2006",114225,"30.06.2006","2006Q2","2006Q2",3914
"3928",18454,115245,1,"31.12.2004",115245,"31.12.2004","2004Q4","2004Q3",3928
"3930",18460,115245,1,"30.06.2006",115245,"30.06.2006","2006Q2","2006Q1",3930
"3931",18474,115588,1,"31.12.2005",115588,"31.12.2005","2005Q4","2005Q4",3931
"3936",18502,116504,1,"31.12.2007",116504,"31.12.2007","2007Q4","2007Q4",3936
"3937",18514,116924,1,"30.11.2006",116924,"30.11.2006","2006Q4","2006Q3",3937
"3941",18525,118081,1,"31.12.2004",118081,"31.12.2004","2004Q4","2004Q4",3941
"3942",18551,118121,1,"30.06.2006",118121,"30.06.2006","2006Q2","2006Q4",3942
"3943",18564,118122,1,"31.03.2005",118122,"31.03.2005","2005Q1","2005Q1",3943
"3953",18587,118304,1,"31.12.2005",118304,"31.12.2005","2005Q4","2005Q4",3953
"3954",18606,118503,1,"31.12.2005",118503,"31.12.2005","2005Q4","2005Q4",3954
"3962",18631,118793,1,"30.09.2005",118793,"30.09.2005","2005Q3","2005Q3",3962
"3968",18672,119316,1,"30.09.2007",119316,"30.09.2007","2007Q3","2007Q3",3968
"3971",18682,119574,1,"31.03.2005",119574,"31.03.2005","2005Q1","2005Q3",3971
"3972",18689,119574,1,"31.12.2006",119574,"31.12.2006","2006Q4","2007Q2",3972
"3986",18718,119955,1,"30.09.2004",119955,"30.09.2004","2004Q3","2004Q3",3986
"3990",18747,120048,1,"31.12.2006",120048,"31.12.2006","2006Q4","2006Q4",3990
"3991",18760,120301,1,"31.03.2005",120301,"31.03.2005","2005Q1","2005Q1",3991
"3998",18777,120302,1,"30.06.2004",120302,"30.06.2004","2004Q2","2004Q2",3998
"4004",18808,120513,1,"31.10.2007",120513,"31.10.2007","2007Q3","2007Q3",4004
"4005",18824,120593,1,"31.12.2006",120593,"31.12.2006","2006Q4","2006Q4",4005
"4009",18852,120816,1,"31.12.2007",120816,"31.12.2007","2007Q4","2007Q4",4009
"4014",18891,120824,1,"30.09.2007",120824,"30.09.2007","2007Q3","2007Q3",4014
"4016",18895,120835,1,"30.06.2004",120835,"30.06.2004","2004Q2","2004Q2",4016
"4018",18906,120835,1,"31.03.2007",120835,"31.03.2007","2007Q1","2007Q1",4018
"4019",18914,121437,1,"31.03.2004",121437,"31.03.2004","2004Q1","2004Q1",4019
"4023",18938,121553,1,"31.12.2005",121553,"31.12.2005","2005Q4","2006Q2",4023
"4024",18950,121560,1,"30.11.2004",121560,"30.11.2004","2004Q4","2004Q4",4024
"4029",18968,121759,1,"31.12.2005",121759,"31.12.2005","2005Q4","2005Q4",4029
"4030",18996,121934,1,"31.12.2007",121934,"31.12.2007","2007Q4","2007Q4",4030
"4032",19004,122034,1,"31.12.2004",122034,"31.12.2004","2004Q4","2005Q2",4032
"4033",19011,122034,1,"31.12.2006",122034,"31.12.2006","2006Q4","2007Q2",4033
"4037",19021,122159,1,"31.12.2004",122159,"31.12.2004","2004Q4","2004Q4",4037
"4038",19027,122159,1,"30.09.2006",122159,"30.09.2006","2006Q3","2006Q3",4038
"4042",19042,122514,1,"30.06.2005",122514,"30.06.2005","2005Q2","2005Q2",4042
"4044",19050,122514,1,"30.06.2007",122514,"30.06.2007","2007Q2","2007Q2",4044
"4046",19057,122655,1,"30.09.2004",122655,"30.09.2004","2004Q3","2004Q3",4046
"4056",19086,122678,1,"31.12.2006",122678,"31.12.2006","2006Q4","2006Q4",4056
"4057",19108,123017,1,"30.06.2007",123017,"30.06.2007","2007Q2","2007Q2",4057
"4060",19133,123714,1,"31.12.2005",123714,"31.12.2005","2005Q4","2005Q4",4060
"4064",19150,124036,1,"30.06.2006",124036,"30.06.2006","2006Q2","2006Q4",4064
"4067",19160,124318,1,"30.06.2004",124318,"30.06.2004","2004Q2","2004Q2",4067
"4068",19177,124320,1,"31.03.2007",124320,"31.03.2007","2007Q1","2007Q1",4068
"4070",19185,124358,1,"30.09.2004",124358,"30.09.2004","2004Q3","2004Q3",4070
"4074",19203,124374,1,"31.03.2004",124374,"31.03.2004","2004Q1","2004Q1",4074
"4080",19233,124435,1,"30.09.2006",124435,"30.09.2006","2006Q3","2006Q3",4080
"4083",19270,125000,1,"31.03.2007",125000,"31.03.2007","2007Q1","2007Q1",4083
"4084",19285,125237,1,"31.12.2005",125237,"31.12.2005","2005Q4","2005Q4",4084
"4085",19301,125275,1,"31.12.2004",125275,"31.12.2004","2004Q4","2005Q1",4085
"4086",19327,125358,1,"31.10.2006",125358,"31.10.2006","2006Q3","2007Q1",4086
"4087",19344,125600,1,"30.06.2006",125600,"30.06.2006","2006Q2","2006Q2",4087
"4088",19363,125860,1,"31.03.2006",125860,"31.03.2006","2006Q1","2006Q1",4088
"4090",19372,126046,1,"31.12.2004",126046,"31.12.2004","2004Q4","2004Q4",4090
"4091",19382,126046,1,"30.09.2007",126046,"30.09.2007","2007Q3","2007Q3",4091
"4093",19400,126056,1,"31.03.2007",126056,"31.03.2007","2007Q1","2007Q1",4093
"4096",19417,126297,1,"30.06.2006",126297,"30.06.2006","2006Q2","2006Q2",4096
"4099",19437,126417,1,"30.04.2007",126417,"30.04.2007","2007Q1","2006Q4",4099
"4100",19446,126794,1,"30.09.2004",126794,"30.09.2004","2004Q3","2004Q4",4100
"4105",19461,127378,1,"31.03.2004",127378,"31.03.2004","2004Q1","2004Q1",4105
"4106",19477,127455,1,"31.12.2006",127455,"31.12.2006","2006Q4","2006Q4",4106
"4108",19491,127456,1,"30.09.2005",127456,"30.09.2005","2005Q3","2005Q3",4108
"4109",19503,127462,1,"31.01.2005",127462,"31.01.2005","2004Q4","2004Q4",4109
"4110",19521,127464,1,"30.09.2004",127464,"30.09.2004","2004Q3","2004Q3",4110
"4112",19539,127484,1,"30.06.2005",127484,"30.06.2005","2005Q2","2005Q2",4112
"4115",19548,127484,1,"30.09.2007",127484,"30.09.2007","2007Q3","2007Q3",4115
"4116",19559,127644,1,"31.12.2006",127644,"31.12.2006","2006Q4","2006Q4",4116
"4120",19569,128663,1,"30.09.2004",128663,"30.09.2004","2004Q3","2004Q3",4120
"4124",19590,129078,1,"31.12.2004",129078,"31.12.2004","2004Q4","2004Q4",4124
"4126",19597,129078,1,"30.09.2006",129078,"30.09.2006","2006Q3","2006Q3",4126
"4128",19608,129441,1,"31.12.2005",129441,"31.12.2005","2005Q4","2005Q4",4128
"4130",19635,129849,1,"30.09.2007",129849,"30.09.2007","2007Q3","2007Q3",4130
"4132",19641,129851,1,"31.03.2004",129851,"31.03.2004","2004Q1","2004Q1",4132
"4133",19659,130040,1,"31.12.2004",130040,"31.12.2004","2004Q4","2005Q1",4133
"4137",19690,130041,1,"31.12.2007",130041,"31.12.2007","2007Q4","2007Q4",4137
"4138",19697,130399,1,"30.09.2004",130399,"30.09.2004","2004Q3","2004Q3",4138
"4139",19705,130764,1,"31.03.2005",130764,"31.03.2005","2005Q1","2005Q1",4139
"4142",19714,130764,1,"30.09.2007",130764,"30.09.2007","2007Q3","2007Q3",4142
"4144",19730,132525,1,"30.09.2006",132525,"30.09.2006","2006Q3","2006Q3",4144
"4148",19742,132980,1,"30.09.2004",132980,"30.09.2004","2004Q3","2004Q3",4148
"4152",19761,133425,1,"31.12.2005",133425,"31.12.2005","2005Q4","2005Q4",4152
"4171",19797,133767,1,"31.01.2005",133767,"31.01.2005","2004Q4","2004Q4",4171
"4174",19826,133888,1,"31.05.2007",133888,"31.05.2007","2007Q2","2006Q4",4174
"4177",19831,133944,1,"31.12.2004",133944,"31.12.2004","2004Q4","2005Q2",4177
"4179",19857,133985,1,"31.03.2007",133985,"31.03.2007","2007Q1","2007Q1",4179
"4191",19873,134026,1,"31.03.2004",134026,"31.03.2004","2004Q1","2004Q1",4191
"4196",19887,134026,1,"30.09.2007",134026,"30.09.2007","2007Q3","2007Q3",4196
"4197",19900,134932,1,"31.12.2005",134932,"31.12.2005","2005Q4","2005Q4",4197
"4203",19942,135245,1,"31.03.2005",135245,"31.03.2005","2005Q1","2005Q1",4203
"4208",19968,135401,1,"31.03.2005",135401,"31.03.2005","2005Q1","2005Q1",4208
"4222",19997,135844,1,"30.06.2006",135844,"30.06.2006","2006Q2","2006Q3",4222
"4229",20022,135986,1,"31.12.2007",135986,"31.12.2007","2007Q4","2007Q4",4229
"4230",20029,136307,1,"30.09.2004",136307,"30.09.2004","2004Q3","2004Q3",4230
"4231",20051,136648,1,"31.03.2005",136648,"31.03.2005","2005Q1","2005Q1",4231
"4234",20093,137131,1,"30.09.2005",137131,"30.09.2005","2005Q3","2005Q3",4234
"4238",20114,137434,1,"31.12.2005",137434,"31.12.2005","2005Q4","2005Q4",4238
"4245",20128,137864,1,"30.06.2004",137864,"30.06.2004","2004Q2","2004Q2",4245
"4248",20140,137884,1,"31.12.2005",137884,"31.12.2005","2005Q4","2005Q4",4248
"4254",20173,138343,1,"30.09.2004",138343,"30.09.2004","2004Q3","2004Q3",4254
"4267",20215,138483,1,"31.12.2005",138483,"31.12.2005","2005Q4","2005Q4",4267
"4269",20243,138601,1,"31.12.2007",138601,"31.12.2007","2007Q4","2007Q4",4269
"4274",20264,138611,1,"30.06.2004",138611,"30.06.2004","2004Q2","2004Q1",4274
"4275",20271,138611,1,"31.03.2006",138611,"31.03.2006","2006Q1","2005Q4",4275
"4276",20286,138613,1,"31.03.2005",138613,"31.03.2005","2005Q1","2005Q1",4276
"4280",20307,138707,1,"30.06.2005",138707,"30.06.2005","2005Q2","2005Q2",4280
"4286",20337,138741,1,"31.12.2007",138741,"31.12.2007","2007Q4","2007Q4",4286
"4287",20354,138743,1,"31.03.2007",138743,"31.03.2007","2007Q1","2007Q1",4287
"4289",20364,138843,1,"30.09.2004",138843,"30.09.2004","2004Q3","2004Q3",4289
"4306",20406,139221,1,"31.12.2006",139221,"31.12.2006","2006Q4","2006Q4",4306
"4317",20440,140050,1,"30.09.2007",140050,"30.09.2007","2007Q3","2007Q3",4317
"4318",20448,140073,1,"31.03.2005",140073,"31.03.2005","2005Q1","2005Q1",4318
"4319",20471,140676,1,"31.12.2005",140676,"31.12.2005","2005Q4","2005Q4",4319
"4324",20497,140977,1,"31.12.2004",140977,"31.12.2004","2004Q4","2004Q4",4324
"4326",20513,140979,1,"30.09.2004",140979,"30.09.2004","2004Q3","2004Q3",4326
"4327",20536,141321,1,"30.06.2005",141321,"30.06.2005","2005Q2","2005Q3",4327
"4331",20562,141983,1,"31.03.2004",141983,"31.03.2004","2004Q1","2004Q1",4331
"4333",20584,142129,1,"31.07.2004",142129,"31.07.2004","2004Q2","2004Q2",4333
"4335",20603,142339,1,"31.12.2004",142339,"31.12.2004","2004Q4","2004Q4",4335
"4336",20611,142339,1,"31.12.2006",142339,"31.12.2006","2006Q4","2006Q4",4336
"4342",20640,142382,1,"30.06.2007",142382,"30.06.2007","2007Q2","2007Q2",4342
"4343",20658,142811,1,"31.12.2006",142811,"31.12.2006","2006Q4","2006Q4",4343
"4344",20668,143217,1,"31.03.2005",143217,"31.03.2005","2005Q1","2005Q1",4344
"4351",20687,143443,1,"30.06.2005",143443,"30.06.2005","2005Q2","2005Q2",4351
"4369",20718,143710,1,"31.12.2004",143710,"31.12.2004","2004Q4","2004Q4",4369
"4371",20733,143754,1,"31.12.2005",143754,"31.12.2005","2005Q4","2005Q4",4371
"4377",20750,143912,1,"31.12.2005",143912,"31.12.2005","2005Q4","2005Q4",4377
"4379",20777,143974,1,"30.09.2007",143974,"30.09.2007","2007Q3","2007Q3",4379
"4381",20785,144010,1,"30.09.2004",144010,"30.09.2004","2004Q3","2004Q3",4381
"4383",20794,144010,1,"31.12.2006",144010,"31.12.2006","2006Q4","2006Q4",4383
"4384",20815,144066,1,"31.03.2007",144066,"31.03.2007","2007Q1","2007Q2",4384
"4385",20830,144181,1,"31.03.2006",144181,"31.03.2006","2006Q1","2006Q1",4385
"4386",20845,144275,1,"31.03.2006",144275,"31.03.2006","2006Q1","2006Q3",4386
"4391",20875,144998,1,"31.12.2005",144998,"31.12.2005","2005Q4","2005Q4",4391
"4392",20899,145049,1,"30.04.2007",145049,"30.04.2007","2007Q1","2007Q1",4392
"4393",20919,145186,1,"30.06.2007",145186,"30.06.2007","2007Q2","2007Q2",4393
"4396",20926,145416,1,"31.03.2004",145416,"31.03.2004","2004Q1","2004Q2",4396
"4399",20950,145475,1,"30.09.2007",145475,"30.09.2007","2007Q3","2007Q3",4399
"4400",20959,145771,1,"31.12.2004",145771,"31.12.2004","2004Q4","2004Q4",4400
"4409",20982,145809,1,"30.09.2005",145809,"30.09.2005","2005Q3","2005Q3",4409
"4411",20991,145809,1,"31.12.2007",145809,"31.12.2007","2007Q4","2007Q4",4411
"4412",20996,145817,1,"31.03.2004",145817,"31.03.2004","2004Q1","2004Q1",4412
"4416",21026,146071,1,"31.12.2006",146071,"31.12.2006","2006Q4","2006Q4",4416
"4421",21039,146117,1,"31.03.2005",146117,"31.03.2005","2005Q1","2005Q1",4421
"4423",21050,146117,1,"31.12.2007",146117,"31.12.2007","2007Q4","2007Q4",4423
"4424",21056,146171,1,"30.06.2004",146171,"30.06.2004","2004Q2","2004Q2",4424
"4425",21086,146176,1,"31.12.2006",146176,"31.12.2006","2006Q4","2006Q4",4425
"4429",21098,146204,1,"31.12.2004",146204,"31.12.2004","2004Q4","2004Q4",4429
"4446",21188,147262,1,"30.09.2006",147262,"30.09.2006","2006Q3","2006Q3",4446
"4448",21199,147302,1,"30.06.2004",147302,"30.06.2004","2004Q2","2004Q2",4448
"4449",21219,147340,1,"31.12.2006",147340,"31.12.2006","2006Q4","2006Q4",4449
"4451",21233,147453,1,"31.03.2006",147453,"31.03.2006","2006Q1","2006Q1",4451
"4452",21243,147483,1,"31.12.2005",147483,"31.12.2005","2005Q4","2005Q4",4452
"4454",21255,147638,1,"31.03.2004",147638,"31.03.2004","2004Q1","2004Q1",4454
"4456",21273,147639,1,"31.12.2004",147639,"31.12.2004","2004Q4","2004Q4",4456
"4457",21280,147639,1,"30.09.2006",147639,"30.09.2006","2006Q3","2006Q3",4457
"4460",21314,147657,1,"31.03.2006",147657,"31.03.2006","2006Q1","2006Q1",4460
"4461",21335,147658,1,"30.06.2006",147658,"30.06.2006","2006Q2","2006Q3",4461
"4462",21356,147708,1,"31.10.2006",147708,"31.10.2006","2006Q3","2006Q4",4462
"4464",21375,148219,1,"31.12.2004",148219,"31.12.2004","2004Q4","2004Q4",4464
"4465",21395,148234,1,"30.06.2005",148234,"30.06.2005","2005Q2","2005Q1",4465
"4466",21402,148234,1,"31.03.2007",148234,"31.03.2007","2007Q1","2006Q4",4466
"4467",21403,148281,1,"31.03.2006",148281,"31.03.2006","2006Q1","2006Q1",4467
"4468",21416,148313,1,"31.03.2005",148313,"31.03.2005","2005Q1","2005Q1",4468
"4469",21434,148391,1,"31.07.2004",148391,"31.07.2004","2004Q2","2004Q2",4469
"4470",21455,148410,1,"31.12.2004",148410,"31.12.2004","2004Q4","2004Q4",4470
"4473",21471,148476,1,"30.09.2004",148476,"30.09.2004","2004Q3","2004Q3",4473
"4474",21490,148509,1,"30.06.2004",148509,"30.06.2004","2004Q2","2004Q2",4474
"4479",21508,148770,1,"31.03.2005",148770,"31.03.2005","2005Q1","2005Q1",4479
"4480",21525,149268,1,"30.06.2004",149268,"30.06.2004","2004Q2","2004Q2",4480
"4482",21540,149379,1,"31.03.2004",149379,"31.03.2004","2004Q1","2004Q2",4482
"4483",21561,149477,1,"30.04.2005",149477,"30.04.2005","2005Q1","2004Q4",4483
"4488",21578,149578,1,"31.03.2005",149578,"31.03.2005","2005Q1","2005Q1",4488
"4495",21614,150201,1,"30.06.2004",150201,"30.06.2004","2004Q2","2004Q2",4495
"4498",21634,150284,1,"31.12.2004",150284,"31.12.2004","2004Q4","2005Q1",4498
"4502",21642,150284,1,"31.12.2006",150284,"31.12.2006","2006Q4","2007Q1",4502
"4512",21654,150644,1,"31.03.2005",150644,"31.03.2005","2005Q1","2005Q1",4512
"4513",21685,150699,1,"31.12.2007",150699,"31.12.2007","2007Q4","2007Q4",4513
"4517",21705,151257,1,"31.12.2004",151257,"31.12.2004","2004Q4","2004Q4",4517
"4524",21723,151586,1,"31.12.2005",151586,"31.12.2005","2005Q4","2005Q4",4524
"4528",21730,151932,1,"30.09.2005",151932,"30.09.2005","2005Q3","2005Q4",4528
"4543",21764,152248,1,"30.06.2005",152248,"30.06.2005","2005Q2","2005Q2",4543
"4545",21788,152790,1,"31.12.2007",152790,"31.12.2007","2007Q4","2007Q4",4545
"4546",21806,152809,1,"31.12.2007",152809,"31.12.2007","2007Q4","2007Q4",4546
"4547",21808,154433,1,"31.12.2005",154433,"31.12.2005","2005Q4","2005Q4",4547
"4556",21841,155394,1,"30.06.2005",155394,"30.06.2005","2005Q2","2005Q2",4556
"4558",21848,155394,1,"31.03.2007",155394,"31.03.2007","2007Q1","2007Q1",4558
"4559",21863,155614,1,"30.09.2006",155614,"30.09.2006","2006Q3","2006Q3",4559
"4563",21881,155735,1,"31.12.2004",155735,"31.12.2004","2004Q4","2004Q4",4563
"4564",21890,155735,1,"31.03.2007",155735,"31.03.2007","2007Q1","2007Q1",4564
"4565",21898,155934,1,"31.12.2004",155934,"31.12.2004","2004Q4","2004Q4",4565
"4569",21940,156614,1,"31.01.2007",156614,"31.01.2007","2006Q4","2006Q4",4569
"4570",21954,156633,1,"30.06.2006",156633,"30.06.2006","2006Q2","2006Q3",4570
"4571",21959,156633,1,"30.09.2007",156633,"30.09.2007","2007Q3","2007Q4",4571
"4572",21962,157020,1,"30.06.2004",157020,"30.06.2004","2004Q2","2004Q2",4572
"4577",21985,157195,1,"30.06.2006",157195,"30.06.2006","2006Q2","2006Q2",4577
"4579",21995,157494,1,"31.12.2004",157494,"31.12.2004","2004Q4","2004Q4",4579
"4580",22003,157494,1,"31.12.2006",157494,"31.12.2006","2006Q4","2006Q4",4580
"4582",22014,157634,1,"30.09.2005",157634,"30.09.2005","2005Q3","2005Q3",4582
"4583",22020,157634,1,"31.03.2007",157634,"31.03.2007","2007Q1","2007Q1",4583
"4584",22033,157735,1,"31.03.2006",157735,"31.03.2006","2006Q1","2006Q1",4584
"4586",22046,157954,1,"31.12.2006",157954,"31.12.2006","2006Q4","2006Q4",4586
"4587",22066,158513,1,"31.12.2007",158513,"31.12.2007","2007Q4","2007Q4",4587
"4588",22069,160282,1,"31.12.2005",160282,"31.12.2005","2005Q4","2005Q4",4588
"4593",22087,160336,1,"31.03.2007",160336,"31.03.2007","2007Q1","2007Q1",4593
"4596",22095,160343,1,"30.06.2005",160343,"30.06.2005","2005Q2","2005Q2",4596
"4597",22117,160364,1,"31.12.2007",160364,"31.12.2007","2007Q4","2007Q4",4597
"4598",22121,160474,1,"31.12.2005",160474,"31.12.2005","2005Q4","2005Q4",4598
"4600",22133,160492,1,"30.09.2005",160492,"30.09.2005","2005Q3","2005Q3",4600
"4605",22144,160549,1,"30.09.2005",160549,"30.09.2005","2005Q3","2005Q3",4605
"4607",22154,160597,1,"31.12.2004",160597,"31.12.2004","2004Q4","2004Q4",4607
"4608",22174,160600,1,"30.09.2007",160600,"30.09.2007","2007Q3","2007Q3",4608
"4609",22178,160607,1,"31.12.2004",160607,"31.12.2004","2004Q4","2004Q4",4609
"4613",22199,160623,1,"31.05.2007",160623,"31.05.2007","2007Q2","2006Q4",4613
"4616",22204,160684,1,"31.03.2005",160684,"31.03.2005","2005Q1","2005Q1",4616
"4617",22217,160797,1,"31.12.2005",160797,"31.12.2005","2005Q4","2005Q4",4617
"4618",22234,160837,1,"31.07.2006",160837,"31.07.2006","2006Q2","2006Q4",4618
"4623",22243,160838,1,"31.12.2005",160838,"31.12.2005","2005Q4","2005Q4",4623
"4627",22255,160889,1,"31.12.2005",160889,"31.12.2005","2005Q4","2005Q4",4627
"4628",22272,160913,1,"31.12.2006",160913,"31.12.2006","2006Q4","2006Q4",4628
"4629",22289,161064,1,"31.12.2007",161064,"31.12.2007","2007Q4","2007Q4",4629
"4630",22296,161072,1,"30.06.2006",161072,"30.06.2006","2006Q2","2006Q2",4630
"4637",22309,161110,1,"30.06.2006",161110,"30.06.2006","2006Q2","2006Q2",4637
"4638",22325,161816,1,"30.09.2006",161816,"30.09.2006","2006Q3","2006Q3",4638
"4640",22337,161843,1,"30.09.2006",161843,"30.09.2006","2006Q3","2006Q3",4640
"4641",22347,161869,1,"31.12.2005",161869,"31.12.2005","2005Q4","2005Q4",4641
"4642",22359,161877,1,"31.12.2005",161877,"31.12.2005","2005Q4","2005Q4",4642
"4647",22366,161903,1,"31.03.2005",161903,"31.03.2005","2005Q1","2005Q1",4647
"4656",22381,161994,1,"30.09.2005",161994,"30.09.2005","2005Q3","2005Q3",4656
"4657",22395,162129,1,"30.11.2005",162129,"30.11.2005","2005Q4","2005Q2",4657
"4658",22404,162234,1,"31.03.2005",162234,"31.03.2005","2005Q1","2005Q1",4658
"4669",22416,162264,1,"31.12.2004",162264,"31.12.2004","2004Q4","2004Q4",4669
"4670",22423,162264,1,"30.09.2006",162264,"30.09.2006","2006Q3","2006Q3",4670
"4672",22434,162283,1,"31.03.2007",162283,"31.03.2007","2007Q1","2007Q1",4672
"4673",22438,162378,1,"31.12.2004",162378,"31.12.2004","2004Q4","2004Q4",4673
"4677",22448,162386,1,"31.03.2005",162386,"31.03.2005","2005Q1","2005Q3",4677
"4679",22464,162448,1,"30.09.2006",162448,"30.09.2006","2006Q3","2006Q3",4679
"4680",22470,162897,1,"30.09.2005",162897,"30.09.2005","2005Q3","2005Q3",4680
"4681",22487,162907,1,"31.03.2007",162907,"31.03.2007","2007Q1","2007Q1",4681
"4683",22491,162956,1,"31.12.2005",162956,"31.12.2005","2005Q4","2006Q1",4683
"4684",22510,163595,1,"31.12.2007",163595,"31.12.2007","2007Q4","2007Q4",4684
"4685",22513,163629,1,"31.12.2005",163629,"31.12.2005","2005Q4","2005Q4",4685
"4687",22531,163720,1,"30.09.2007",163720,"30.09.2007","2007Q3","2007Q3",4687
"4688",22533,163772,1,"31.12.2005",163772,"31.12.2005","2005Q4","2005Q4",4688
"4689",22543,163877,1,"31.12.2005",163877,"31.12.2005","2005Q4","2006Q2",4689
"4690",22555,163887,1,"31.12.2006",163887,"31.12.2006","2006Q4","2006Q4",4690
"4691",22560,163922,1,"30.09.2005",163922,"30.09.2005","2005Q3","2005Q3",4691
"4695",22570,163977,1,"30.06.2005",163977,"30.06.2005","2005Q2","2005Q2",4695
"4696",22581,164058,1,"30.06.2006",164058,"30.06.2006","2006Q2","2006Q2",4696
"4698",22591,164103,1,"31.07.2006",164103,"31.07.2006","2006Q2","2006Q2",4698
"4700",22593,164109,1,"31.03.2006",164109,"31.03.2006","2006Q1","2006Q1",4700
"4701",22601,164116,1,"30.09.2005",164116,"30.09.2005","2005Q3","2005Q3",4701
"4703",22611,164258,1,"31.03.2006",164258,"31.03.2006","2006Q1","2006Q1",4703
"4704",22617,164258,1,"30.09.2007",164258,"30.09.2007","2007Q3","2007Q3",4704
"4705",22626,164416,1,"31.12.2007",164416,"31.12.2007","2007Q4","2007Q4",4705
"4706",22629,164506,1,"31.03.2006",164506,"31.03.2006","2006Q1","2006Q1",4706
"4707",22646,164611,1,"31.12.2007",164611,"31.12.2007","2007Q4","2007Q4",4707
"4708",22651,164668,1,"31.12.2006",164668,"31.12.2006","2006Q4","2006Q4",4708
"4710",22659,164755,1,"31.12.2006",164755,"31.12.2006","2006Q4","2006Q4",4710
"4711",22672,164758,1,"31.12.2007",164758,"31.12.2007","2007Q4","2007Q4",4711
"4712",22681,165051,1,"31.12.2007",165051,"31.12.2007","2007Q4","2007Q4",4712
"4713",22682,165053,1,"31.12.2005",165053,"31.12.2005","2005Q4","2005Q4",4713
"4718",22692,165101,1,"30.06.2007",165101,"30.06.2007","2007Q2","2007Q2",4718
"4721",22697,165656,1,"30.06.2006",165656,"30.06.2006","2006Q2","2006Q4",4721
"4723",22702,165666,1,"31.12.2005",165666,"31.12.2005","2005Q4","2006Q1",4723
"4725",22715,165699,1,"30.06.2007",165699,"30.06.2007","2007Q2","2007Q2",4725
"4726",22724,165746,1,"30.06.2007",165746,"30.06.2007","2007Q2","2007Q2",4726
"4727",22733,166061,1,"30.09.2007",166061,"30.09.2007","2007Q3","2007Q3",4727
"4728",22736,166402,1,"30.06.2006",166402,"30.06.2006","2006Q2","2006Q4",4728
"4729",22741,166485,1,"31.12.2006",166485,"31.12.2006","2006Q4","2006Q4",4729
"4732",22746,166555,1,"30.06.2006",166555,"30.06.2006","2006Q2","2006Q2",4732
"4736",22753,166581,1,"31.12.2006",166581,"31.12.2006","2006Q4","2006Q4",4736
"4739",22758,174066,1,"31.12.2006",174066,"31.12.2006","2006Q4","2006Q4",4739
"4742",22765,174118,1,"31.12.2006",174118,"31.12.2006","2006Q4","2006Q4",4742
"4743",22770,174310,1,"31.12.2006",174310,"31.12.2006","2006Q4","2006Q4",4743
"4744",22776,174390,1,"31.03.2007",174390,"31.03.2007","2007Q1","2007Q1",4744
"4746",22782,174393,1,"30.06.2007",174393,"30.06.2007","2007Q2","2007Q2",4746
"4748",22786,174454,1,"31.12.2006",174454,"31.12.2006","2006Q4","2006Q4",4748
"4750",22791,174871,1,"30.06.2006",174871,"30.06.2006","2006Q2","2006Q2",4750
"4754",22798,175291,1,"30.06.2007",175291,"30.06.2007","2007Q2","2007Q3",4754
"4756",22800,175404,1,"31.12.2006",175404,"31.12.2006","2006Q4","2006Q4",4756
"4757",22805,175644,1,"31.12.2006",175644,"31.12.2006","2006Q4","2006Q4",4757
"4758",22810,176035,1,"31.12.2006",176035,"31.12.2006","2006Q4","2006Q4",4758
"4759",22815,176144,1,"31.12.2006",176144,"31.12.2006","2006Q4","2006Q4",4759
"4764",22820,176253,1,"30.06.2007",176253,"30.06.2007","2007Q2","2007Q2",4764
"4766",22822,176255,1,"31.12.2006",176255,"31.12.2006","2006Q4","2006Q4",4766
"4768",22827,176325,1,"31.12.2006",176325,"31.12.2006","2006Q4","2006Q4",4768
"4771",22835,176698,1,"31.12.2007",176698,"31.12.2007","2007Q4","2007Q4",4771
"4772",22839,176833,1,"31.12.2007",176833,"31.12.2007","2007Q4","2007Q4",4772
"4773",22840,176862,1,"30.06.2007",176862,"30.06.2007","2007Q2","2007Q2",4773
"4774",22851,176873,1,"30.06.2007",176873,"30.06.2007","2007Q2","2007Q1",4774
"4777",22854,177099,1,"30.09.2007",177099,"30.09.2007","2007Q3","2007Q3",4777
"4778",22856,177795,1,"30.06.2007",177795,"30.06.2007","2007Q2","2007Q2",4778
"4779",22859,178319,1,"30.09.2007",178319,"30.09.2007","2007Q3","2007Q3",4779
"4780",22861,178568,1,"31.12.2007",178568,"31.12.2007","2007Q4","2007Q4",4780
"4781",22862,178958,1,"31.12.2007",178958,"31.12.2007","2007Q4","2007Q4",4781
"4783",4783.1,264387,1,"28.02.2007",264387,"28.02.2007","2007Q1","2006Q3",4783
"4785",22896,264506,1,"31.12.2004",264506,"31.12.2004","2004Q4","2004Q4",4785
"4787",22914,264709,1,"30.09.2005",264709,"30.09.2005","2005Q3","2005Q3",4787
"4791",22928,264713,1,"30.09.2005",264713,"30.09.2005","2005Q3","2005Q3",4791
"4792",22936,264713,1,"30.09.2007",264713,"30.09.2007","2007Q3","2007Q3",4792
"4794",22945,266163,1,"31.03.2006",266163,"31.03.2006","2006Q1","2006Q1",4794
